sample_id,rainfall_mm_per_hour,elevation_meters,soil_saturation,impassable_within_two_hours,synthetic
syn-00000,9.41417,15.28120,0.2170607,0,True
syn-00001,20.29765,2.00086,0.8814434,0,True
syn-00002,18.06879,19.65923,0.6635560,0,True
syn-00003,8.79964,8.39602,0.2707008,0,True
syn-00004,93.18807,14.27130,0.4032072,0,True
syn-00005,63.30302,24.58361,0.4559406,0,True
syn-00006,36.83057,11.77642,0.7675308,0,True
syn-00007,10.53291,9.49528,0.7352535,0,True
syn-00008,32.35213,13.83478,0.7884970,0,True
syn-00009,25.64828,7.51599,0.5733303,1,True
syn-00010,134.48508,20.95147,0.7091116,1,True
syn-00011,70.67980,14.98137,0.7044195,1,True
syn-00012,78.27412,23.40265,0.8574804,1,True
syn-00013,33.49704,8.95430,0.6349803,0,True
syn-00014,12.61605,14.81943,0.5420755,0,True
syn-00015,58.53259,9.40227,0.8433800,1,True
syn-00016,51.03757,3.89000,0.5826653,0,True
syn-00017,93.34799,12.03538,0.5293732,0,True
syn-00018,21.82654,11.53442,0.3461708,0,True
syn-00019,59.04512,12.04035,0.7615576,1,True
syn-00020,23.04058,19.08676,0.8613052,1,True
syn-00021,25.25580,18.17457,0.7609357,0,True
syn-00022,35.78946,14.66439,0.4625311,0,True
syn-00023,92.94310,3.29643,0.1229836,1,True
syn-00024,51.20240,23.14123,0.0639311,0,True
syn-00025,19.17052,16.87952,0.7668723,0,True
syn-00026,57.67139,19.50321,0.7594503,1,True
syn-00027,64.55220,22.59282,0.9214067,1,True
syn-00028,104.51273,15.57129,0.9058837,1,True
syn-00029,138.01147,2.50731,0.6246455,1,True
syn-00030,31.37863,10.44841,0.9116672,0,True
syn-00031,78.31624,3.08750,0.5922782,1,True
syn-00032,16.75137,6.19516,0.7654625,0,True
syn-00033,7.39566,2.12652,0.5204480,0,True
syn-00034,7.50223,21.30923,0.5456771,0,True
syn-00035,109.99898,16.16565,0.6678126,0,True
syn-00036,98.97680,28.27157,0.3106754,1,True
syn-00037,24.35944,2.47128,0.7380574,0,True
syn-00038,48.84968,15.31279,0.6849009,0,True
syn-00039,40.24609,0.63877,0.8396400,1,True
syn-00040,49.15616,0.00000,0.4783899,1,True
syn-00041,31.57750,24.79491,0.6244784,0,True
syn-00042,14.63976,13.96660,0.9539941,0,True
syn-00043,71.61597,13.90400,0.5864826,1,True
syn-00044,25.26331,14.77081,0.5254195,0,True
syn-00045,6.20250,7.83424,0.5496207,0,True
syn-00046,16.99728,0.45081,0.7173330,1,True
syn-00047,49.63168,18.00051,0.1896289,0,True
syn-00048,25.05915,17.10533,0.8767076,0,True
syn-00049,68.78870,7.77532,0.7768120,1,True
syn-00050,11.47654,13.12159,0.3129551,0,True
syn-00051,57.45539,19.95641,0.4482528,1,True
syn-00052,9.30699,16.55910,0.4893654,0,True
syn-00053,60.54921,0.00000,0.7154809,1,True
syn-00054,48.99378,18.70408,0.4386872,0,True
syn-00055,76.44695,19.30707,0.7137818,1,True
syn-00056,41.29759,16.89871,0.7592317,0,True
syn-00057,11.19620,20.08744,0.3226147,0,True
syn-00058,120.56531,0.00000,0.7084135,1,True
syn-00059,62.97214,0.00000,0.5652280,1,True
syn-00060,9.56964,8.47451,0.1822453,0,True
syn-00061,41.74910,10.09963,0.5990536,1,True
syn-00062,96.30692,0.00000,0.9418730,1,True
syn-00063,20.76684,9.83855,0.6119146,1,True
syn-00064,81.46727,23.11573,0.4229402,0,True
syn-00065,5.39498,22.11802,0.2820212,0,True
syn-00066,34.71995,14.98879,0.4608213,0,True
syn-00067,22.31658,11.73477,0.7622885,0,True
syn-00068,27.34616,19.34589,0.6543847,0,True
syn-00069,21.50469,0.00000,0.3484505,0,True
syn-00070,30.46821,6.26252,0.6882211,0,True
syn-00071,73.90408,22.36315,0.8427362,1,True
syn-00072,96.73199,8.93844,0.7483844,1,True
syn-00073,7.60539,0.00000,0.4289249,0,True
syn-00074,40.89210,9.08927,0.2492083,0,True
syn-00075,115.15769,6.20685,0.1121201,1,True
syn-00076,68.76253,6.28681,0.7577782,1,True
syn-00077,56.61751,4.96095,0.3681448,1,True
syn-00078,7.96619,20.01268,0.5693936,0,True
syn-00079,86.33688,20.66900,0.6691844,1,True
syn-00080,17.79466,12.27818,0.3853066,0,True
syn-00081,14.63280,5.52149,0.6795949,0,True
syn-00082,50.65291,20.55854,0.1935701,0,True
syn-00083,49.65403,23.53176,0.5448117,0,True
syn-00084,16.21785,27.92221,0.9446113,0,True
syn-00085,33.27560,23.73074,0.7447959,0,True
syn-00086,8.36789,27.02257,0.7294250,0,True
syn-00087,7.82282,5.95998,0.4251534,0,True
syn-00088,6.78573,1.56606,0.7618077,0,True
syn-00089,58.90247,15.22985,0.3635114,0,True
syn-00090,70.91120,24.71230,0.4995930,0,True
syn-00091,13.64017,29.59691,0.5259272,0,True
syn-00092,82.09235,12.62039,0.6306220,1,True
syn-00093,56.92805,7.51111,0.5986751,1,True
syn-00094,10.27141,24.08281,0.7938033,0,True
syn-00095,28.42644,4.24789,0.6558240,1,True
syn-00096,44.75888,21.02661,0.6728929,0,True
syn-00097,67.07116,22.32265,0.8884497,1,True
syn-00098,42.15734,8.26544,0.2002348,0,True
syn-00099,46.50828,9.45726,0.9048836,1,True
syn-00100,79.53316,7.47005,0.9729418,1,True
syn-00101,45.34014,0.00000,0.6427848,0,True
syn-00102,44.40474,16.48224,0.1649579,0,True
syn-00103,127.85185,3.96145,0.5508625,1,True
syn-00104,46.40354,6.50923,0.3749198,0,True
syn-00105,26.79917,10.15480,0.6029451,0,True
syn-00106,31.02044,1.20375,0.5104512,0,True
syn-00107,70.93878,5.51363,0.7211803,1,True
syn-00108,41.09327,13.31092,0.8383262,1,True
syn-00109,25.24669,5.68843,0.2867292,0,True
syn-00110,53.44952,0.00000,0.5164644,1,True
syn-00111,29.08752,17.51693,0.1816185,0,True
syn-00112,47.97860,13.52609,0.7018464,1,True
syn-00113,51.45086,19.13566,0.5798430,1,True
syn-00114,62.32531,22.52213,0.4560069,0,True
syn-00115,69.68988,13.54833,0.6676271,1,True
syn-00116,84.25096,27.11291,0.3440888,1,True
syn-00117,9.27689,6.90398,0.5619085,0,True
syn-00118,29.84694,7.12025,0.8444757,0,True
syn-00119,36.31650,25.95922,0.6389358,0,True
syn-00120,30.58784,22.12821,0.6290329,0,True
syn-00121,21.66529,9.85901,0.4600515,1,True
syn-00122,11.95509,16.90919,0.5835370,1,True
syn-00123,72.33716,16.42691,0.5414669,1,True
syn-00124,47.80124,12.90039,0.9345428,0,True
syn-00125,92.43373,18.46444,0.3117121,1,True
syn-00126,40.86908,22.61766,0.7208399,1,True
syn-00127,27.39331,7.49775,0.7015910,0,True
syn-00128,33.83079,19.65601,0.6004775,0,True
syn-00129,68.68493,1.68145,0.6064546,1,True
syn-00130,44.26606,7.53838,0.3608657,1,True
syn-00131,7.90272,15.80281,0.5902402,0,True
syn-00132,13.69163,17.40996,0.4827556,0,True
syn-00133,55.65359,1.84943,0.4761493,0,True
syn-00134,48.97913,20.91536,0.2421119,0,True
syn-00135,58.76684,10.34050,0.8871726,1,True
syn-00136,30.68232,10.28727,0.5327471,0,True
syn-00137,86.27852,23.05714,0.6954238,1,True
syn-00138,1.12195,0.00000,0.3301767,0,True
syn-00139,49.80476,6.95875,0.7026330,1,True
syn-00140,29.27302,14.66749,0.6239498,0,True
syn-00141,16.01851,4.08639,0.6271064,0,True
syn-00142,23.85533,16.18908,0.8313113,1,True
syn-00143,32.67401,16.51100,0.7478206,0,True
syn-00144,66.92223,5.70511,0.6133567,1,True
syn-00145,82.38363,4.95283,0.7410372,1,True
syn-00146,17.45371,0.00000,0.2774429,0,True
syn-00147,16.64099,34.31848,0.4528163,0,True
syn-00148,48.17585,8.99968,0.5342568,1,True
syn-00149,79.34842,26.02012,0.5280653,0,True
syn-00150,92.39799,28.78763,0.3707304,0,True
syn-00151,75.51530,4.94837,0.3497463,0,True
syn-00152,39.60977,0.00000,0.7312402,0,True
syn-00153,73.02033,15.96173,0.7021233,0,True
syn-00154,31.19697,16.91323,0.9246513,0,True
syn-00155,15.45893,15.10238,0.8744391,0,True
syn-00156,50.60061,10.77352,0.9121580,0,True
syn-00157,31.01482,0.00000,0.4943326,1,True
syn-00158,58.71823,12.21161,0.6763150,1,True
syn-00159,47.68078,26.35231,0.3311103,0,True
syn-00160,6.81350,2.50067,0.4603056,0,True
syn-00161,8.21842,9.70474,0.3494093,0,True
syn-00162,23.43564,10.92019,0.9151388,1,True
syn-00163,8.28819,8.76883,0.3961253,1,True
syn-00164,41.36487,15.26358,0.3323337,0,True
syn-00165,37.31319,36.06978,0.5546125,0,True
syn-00166,7.05796,15.61554,0.3387916,0,True
syn-00167,27.36815,18.90103,0.4878715,0,True
syn-00168,26.57557,14.85093,0.7647689,0,True
syn-00169,33.08440,13.34179,0.3077307,0,True
syn-00170,35.66037,23.85029,0.7449710,0,True
syn-00171,52.06572,13.47255,0.8624732,1,True
syn-00172,34.38459,16.93525,0.9348904,1,True
syn-00173,32.47108,22.43298,0.6523115,0,True
syn-00174,37.58493,0.00000,0.7544196,1,True
syn-00175,34.42886,1.28014,0.8100060,1,True
syn-00176,58.19006,12.66647,0.5922497,1,True
syn-00177,61.22270,16.42676,0.6694618,0,True
syn-00178,47.61236,0.00000,0.7824652,1,True
syn-00179,32.28197,4.86721,0.9456998,1,True
syn-00180,32.78641,16.42487,0.4954877,0,True
syn-00181,42.67003,12.46790,0.2011369,0,True
syn-00182,63.83897,11.08013,0.4025052,1,True
syn-00183,51.05288,21.74858,0.5506643,0,True
syn-00184,17.56700,16.33908,0.3697560,0,True
syn-00185,24.18108,8.74405,0.4235986,0,True
syn-00186,37.16274,16.87530,0.1292700,0,True
syn-00187,35.56980,0.00000,0.6965910,1,True
syn-00188,18.48387,19.41154,0.5346972,0,True
syn-00189,83.23589,14.93686,0.7247272,1,True
syn-00190,25.54347,10.77870,0.6323513,1,True
syn-00191,20.60410,22.95312,0.7985910,0,True
syn-00192,101.11030,6.51723,0.7512010,1,True
syn-00193,15.91025,16.20547,0.6228046,0,True
syn-00194,63.89428,5.28702,0.1197831,0,True
syn-00195,58.27662,4.51959,0.5503156,1,True
syn-00196,36.97555,13.96332,0.5280705,0,True
syn-00197,42.56833,0.00000,0.8348728,1,True
syn-00198,26.91093,10.42152,0.8962582,1,True
syn-00199,10.91940,1.01033,0.5411039,0,True
syn-00200,28.05708,6.49543,0.7167289,0,True
syn-00201,61.90319,15.15774,0.7230929,1,True
syn-00202,80.59960,18.93393,0.2304051,0,True
syn-00203,21.43891,13.97263,0.3260275,0,True
syn-00204,96.75867,17.12865,0.4561929,1,True
syn-00205,17.85691,10.74413,0.1854582,0,True
syn-00206,36.46978,5.91432,0.3447399,1,True
syn-00207,35.85557,19.68663,0.3424625,0,True
syn-00208,9.90993,0.00000,0.3845082,0,True
syn-00209,60.31350,1.67279,0.6380308,1,True
syn-00210,52.76355,28.42520,0.7939968,0,True
syn-00211,71.45249,12.44447,0.2699688,0,True
syn-00212,16.37812,13.27274,0.2597962,0,True
syn-00213,14.87090,7.03963,0.6517200,0,True
syn-00214,32.29593,14.44661,0.5182225,0,True
syn-00215,100.98067,16.59530,0.7315714,1,True
syn-00216,54.00465,15.26013,0.6545812,1,True
syn-00217,44.34829,3.28136,0.9913475,1,True
syn-00218,62.01048,10.73344,0.8974400,1,True
syn-00219,43.53386,3.26497,0.5599751,0,True
syn-00220,28.66025,6.92369,0.4405812,0,True
syn-00221,65.87684,16.37759,0.2878950,0,True
syn-00222,69.13927,1.25005,0.4782756,1,True
syn-00223,40.55833,0.00000,0.6978709,1,True
syn-00224,28.67074,14.03585,0.6406485,0,True
syn-00225,10.38217,11.13306,0.7128339,0,True
syn-00226,29.83167,16.99196,0.1916576,0,True
syn-00227,25.39911,6.26879,0.4666197,0,True
syn-00228,20.53203,6.55376,0.6300110,1,True
syn-00229,33.91123,7.20092,0.3618706,1,True
syn-00230,10.34457,16.82797,0.6508859,1,True
syn-00231,58.07929,22.74634,0.4468310,0,True
syn-00232,12.01976,23.35888,0.3840224,0,True
syn-00233,32.25251,11.50725,0.6333829,1,True
syn-00234,57.55194,19.52101,0.6515384,1,True
syn-00235,21.17555,29.02480,0.1131821,0,True
syn-00236,25.08556,19.12573,0.2233098,0,True
syn-00237,54.27211,13.66855,0.6010447,0,True
syn-00238,13.72381,17.43727,0.1327073,0,True
syn-00239,31.88143,9.00998,0.3597789,1,True
syn-00240,12.31662,15.49428,0.6957561,0,True
syn-00241,54.84739,2.54907,0.2146619,0,True
syn-00242,51.28476,19.84921,0.9162917,1,True
syn-00243,47.37042,22.30142,0.7956942,0,True
syn-00244,31.64886,7.39755,0.5695910,1,True
syn-00245,88.31416,5.26350,0.4788856,1,True
syn-00246,29.12213,21.87848,0.8832049,1,True
syn-00247,11.69285,13.43553,0.7903307,0,True
syn-00248,19.62456,28.21583,0.6046830,0,True
syn-00249,66.63276,9.76427,0.3159431,0,True
syn-00250,60.95826,3.53763,0.7706454,1,True
syn-00251,20.94144,14.69885,0.4511446,0,True
syn-00252,43.02433,0.60510,0.4225785,1,True
syn-00253,64.34092,15.60888,0.2195759,0,True
syn-00254,79.29723,8.73572,0.9266439,1,True
syn-00255,61.10390,14.13784,0.3035625,0,True
syn-00256,21.93576,8.64192,0.5207086,0,True
syn-00257,34.41537,17.26955,0.8196716,1,True
syn-00258,55.58462,7.04911,0.6631898,1,True
syn-00259,37.61048,17.60715,0.3929970,0,True
syn-00260,10.97071,12.34092,0.5456702,0,True
syn-00261,1.86362,6.58955,0.3224885,0,True
syn-00262,54.42862,17.09221,0.7224227,1,True
syn-00263,38.10494,27.61636,0.4764731,0,True
syn-00264,10.97680,21.36809,0.2954014,0,True
syn-00265,73.98439,0.77029,0.6998484,1,True
syn-00266,11.36348,26.41043,0.5578918,0,True
syn-00267,32.20399,35.12528,0.8908722,1,True
syn-00268,2.76081,0.00000,0.6434299,0,True
syn-00269,26.67112,0.00000,0.5104819,0,True
syn-00270,40.57827,16.70929,0.7573341,0,True
syn-00271,39.02084,2.40283,0.6180565,0,True
syn-00272,38.82883,22.41150,0.3246396,0,True
syn-00273,34.50315,7.60107,0.7434846,0,True
syn-00274,73.27230,11.71428,0.4721894,1,True
syn-00275,61.61296,3.56517,0.7857834,1,True
syn-00276,55.05476,16.57620,0.9244791,1,True
syn-00277,2.72640,0.00000,0.5461202,0,True
syn-00278,25.84600,9.48915,0.3484128,0,True
syn-00279,80.56036,14.56989,0.4589544,0,True
syn-00280,26.68837,3.89539,0.6608492,1,True
syn-00281,10.49451,9.85512,0.3352234,0,True
syn-00282,67.96225,25.25630,0.5476299,0,True
syn-00283,82.02267,5.52707,0.8208555,1,True
syn-00284,14.09756,5.55716,0.6100868,1,True
syn-00285,41.68854,17.66633,0.8314459,1,True
syn-00286,69.56391,9.63795,0.7639393,0,True
syn-00287,79.69135,10.86979,0.6170933,1,True
syn-00288,62.72383,5.96011,0.2254468,0,True
syn-00289,63.58146,17.30417,0.6336271,1,True
syn-00290,67.31146,19.21356,0.4340836,1,True
syn-00291,74.11495,0.00000,0.4601499,1,True
syn-00292,14.97161,16.36981,0.2370545,0,True
syn-00293,30.92208,20.05006,0.6962150,0,True
syn-00294,20.60346,18.83660,0.3523451,0,True
syn-00295,45.94260,13.35280,0.4874993,0,True
syn-00296,9.99221,4.93798,0.5101705,0,True
syn-00297,125.83164,6.52002,0.8031730,1,True
syn-00298,9.69308,15.66689,0.7324870,0,True
syn-00299,42.38721,0.00000,0.5409312,0,True
syn-00300,16.98108,20.76259,0.7551727,0,True
syn-00301,26.96909,1.86512,0.5818545,1,True
syn-00302,54.10998,2.37497,0.5355347,1,True
syn-00303,20.20885,14.11151,0.2965160,0,True
syn-00304,105.78006,18.87374,0.6152628,1,True
syn-00305,27.06527,23.32358,0.4657035,0,True
syn-00306,5.71996,18.23950,0.7683845,0,True
syn-00307,92.54013,2.53722,0.6103799,1,True
syn-00308,20.74941,13.54501,0.5071563,0,True
syn-00309,49.08110,26.67415,0.4050297,0,True
syn-00310,11.01648,4.97871,0.6378372,0,True
syn-00311,53.86730,15.48226,0.6601911,0,True
syn-00312,37.40080,14.75932,0.6402536,1,True
syn-00313,18.21871,21.77728,0.8004398,0,True
syn-00314,61.75832,27.94293,0.3220954,0,True
syn-00315,39.89212,5.05447,0.4030308,0,True
syn-00316,29.54000,21.69256,0.2317212,0,True
syn-00317,57.09559,19.21535,0.7942607,0,True
syn-00318,37.32006,11.50175,0.0598398,0,True
syn-00319,93.64670,1.20995,0.5235731,1,True
syn-00320,34.36860,5.05781,0.6465602,1,True
syn-00321,51.93412,6.78909,0.4631516,0,True
syn-00322,31.11132,15.80109,0.2003403,0,True
syn-00323,26.86094,0.65091,0.9144795,1,True
syn-00324,19.40034,17.77430,0.2930828,0,True
syn-00325,108.74882,22.15141,0.8569472,1,True
syn-00326,41.02265,18.26429,0.4704435,0,True
syn-00327,17.23525,21.05592,0.3853749,0,True
syn-00328,4.81072,2.57218,0.7633405,1,True
syn-00329,27.84351,7.84874,0.9969189,1,True
syn-00330,43.17479,8.96271,0.7720873,1,True
syn-00331,23.20752,14.98137,0.6473714,0,True
syn-00332,40.19984,16.10700,0.7811591,1,True
syn-00333,11.11681,0.00000,0.5629486,0,True
syn-00334,68.11974,3.67814,0.5697848,1,True
syn-00335,51.05180,15.80059,0.7498841,0,True
syn-00336,48.22148,4.69154,0.4058026,1,True
syn-00337,43.27330,12.27632,0.5347089,1,True
syn-00338,26.95461,36.54317,0.5393311,0,True
syn-00339,45.41077,6.18787,0.4576611,1,True
syn-00340,15.50318,10.12717,0.6820465,0,True
syn-00341,77.67299,21.15388,0.7757668,1,True
syn-00342,44.32495,6.89669,0.9682063,1,True
syn-00343,22.66596,1.38766,0.9347559,1,True
syn-00344,57.34704,1.77991,0.6781998,1,True
syn-00345,45.21191,10.09367,0.8652771,1,True
syn-00346,29.45721,12.81570,0.3661580,0,True
syn-00347,80.88329,0.00000,0.5080354,1,True
syn-00348,19.54111,40.48936,0.4390679,0,True
syn-00349,34.71525,13.71943,0.2852745,0,True
syn-00350,14.67405,16.30635,0.6604552,0,True
syn-00351,25.02190,6.39921,0.2251631,0,True
syn-00352,63.03349,0.00000,0.7227207,0,True
syn-00353,50.61624,6.20682,0.4054033,1,True
syn-00354,133.91809,23.25681,0.4573340,1,True
syn-00355,78.38837,6.08700,0.5032501,0,True
syn-00356,49.06302,14.79998,0.1812877,1,True
syn-00357,33.60505,9.24974,0.8743935,0,True
syn-00358,23.02208,9.93238,0.6058679,0,True
syn-00359,46.89123,13.94032,0.7680469,0,True
syn-00360,19.87609,6.69900,0.4887328,0,True
syn-00361,32.53542,0.00000,0.3549643,0,True
syn-00362,33.25486,11.24164,0.3822307,1,True
syn-00363,112.38595,13.37515,0.7146277,1,True
syn-00364,23.31106,23.07001,0.5152859,0,True
syn-00365,22.43362,9.32429,0.7377200,1,True
syn-00366,89.65394,3.42533,0.6960238,1,True
syn-00367,33.30177,12.24661,0.3030303,0,True
syn-00368,25.48108,23.55883,0.5972657,0,True
syn-00369,40.59040,18.69009,0.4976155,1,True
syn-00370,9.32514,18.43705,0.6096835,0,True
syn-00371,46.76611,0.33436,0.2812233,1,True
syn-00372,96.14103,18.20893,0.4893054,0,True
syn-00373,7.06520,20.45717,0.6487591,0,True
syn-00374,28.54469,18.10655,0.5966508,0,True
syn-00375,48.29300,0.02019,0.7214791,1,True
syn-00376,37.88407,13.46701,0.5027241,0,True
syn-00377,80.26977,7.52468,0.7512726,1,True
syn-00378,7.32954,21.43207,0.7350172,0,True
syn-00379,39.75585,4.46629,0.3960955,0,True
syn-00380,21.65857,2.73334,0.1174375,1,True
syn-00381,22.91108,16.49681,0.7063442,0,True
syn-00382,25.50329,1.21548,0.6893966,0,True
syn-00383,3.71155,0.00000,0.4182278,0,True
syn-00384,119.99002,22.47869,0.8136772,1,True
syn-00385,26.65941,17.35619,0.3297031,0,True
syn-00386,23.57493,6.15767,0.5686979,1,True
syn-00387,44.08530,9.30513,0.3718412,0,True
syn-00388,35.23306,16.76078,0.7709688,0,True
syn-00389,14.57077,9.11076,0.9077944,0,True
syn-00390,8.41373,8.87720,0.4804526,0,True
syn-00391,17.50755,0.00000,0.6603224,0,True
syn-00392,34.71170,29.96808,0.7491426,1,True
syn-00393,32.15155,10.93918,0.3239927,0,True
syn-00394,20.27675,10.79145,0.9419058,1,True
syn-00395,78.52831,7.44646,0.4643332,1,True
syn-00396,4.62708,8.24064,0.2154928,0,True
syn-00397,1.72037,31.87803,0.5111523,0,True
syn-00398,20.35437,20.46935,0.7679422,0,True
syn-00399,131.33960,9.40413,0.2958541,1,True
syn-00400,11.91783,32.97341,0.6120090,1,True
syn-00401,30.35245,8.88476,0.2753497,0,True
syn-00402,28.87285,22.88166,0.2589446,0,True
syn-00403,17.73334,2.83392,0.8186826,1,True
syn-00404,21.48180,17.47522,0.8289374,0,True
syn-00405,60.68145,4.26778,0.8320494,1,True
syn-00406,13.00715,20.64312,0.3576403,0,True
syn-00407,11.99029,0.01121,0.1392411,0,True
syn-00408,7.20739,17.33369,0.5040767,0,True
syn-00409,41.78412,7.60376,0.8149691,1,True
syn-00410,20.50384,10.02150,0.7700179,0,True
syn-00411,60.69976,20.05470,0.6964524,1,True
syn-00412,25.07581,33.99515,0.8348153,0,True
syn-00413,38.28822,1.00567,0.5824103,0,True
syn-00414,12.55825,2.78983,0.2183120,0,True
syn-00415,24.49697,14.21016,0.7076633,1,True
syn-00416,58.24685,14.42824,0.4558094,0,True
syn-00417,109.15450,8.58506,0.6404402,1,True
syn-00418,21.98385,23.27412,0.7370055,0,True
syn-00419,31.40071,16.58914,0.8662819,0,True
syn-00420,24.39393,31.05500,0.6857335,0,True
syn-00421,14.40531,0.77532,0.7690182,0,True
syn-00422,37.75462,18.84155,0.9300866,1,True
syn-00423,21.34610,14.88997,0.2317160,0,True
syn-00424,35.33360,15.86933,0.1812266,0,True
syn-00425,31.15540,30.21177,0.8928059,0,True
syn-00426,102.79612,11.54726,0.7098327,1,True
syn-00427,117.67087,21.14581,0.6607980,1,True
syn-00428,91.46494,14.48301,0.6645895,1,True
syn-00429,75.41334,1.66859,0.4063446,1,True
syn-00430,44.65039,27.72778,0.5794540,1,True
syn-00431,44.31984,10.77688,0.6168436,0,True
syn-00432,48.05255,19.34902,0.7049865,1,True
syn-00433,43.18118,10.07312,0.6622083,1,True
syn-00434,16.26011,17.04257,0.4049690,0,True
syn-00435,59.87186,14.86598,0.6630408,1,True
syn-00436,26.31103,22.40194,0.5953554,0,True
syn-00437,13.82058,21.76802,0.4023798,0,True
syn-00438,47.20546,7.38625,0.2924326,0,True
syn-00439,16.70570,5.15131,0.6522878,1,True
syn-00440,35.86332,20.74514,0.6912205,0,True
syn-00441,61.54449,3.63134,0.4004611,0,True
syn-00442,30.45317,1.42152,0.9118470,1,True
syn-00443,57.23075,0.00000,0.6785778,1,True
syn-00444,30.29564,14.43760,0.8877851,1,True
syn-00445,54.77490,13.68636,0.7654431,0,True
syn-00446,62.95253,28.10718,0.9286523,1,True
syn-00447,83.74247,29.30176,0.5997084,0,True
syn-00448,23.42719,7.07140,0.6508365,1,True
syn-00449,74.78002,9.93753,0.4882936,1,True
syn-00450,48.93293,3.09701,0.3619748,0,True
syn-00451,58.70860,17.74832,0.6355867,0,True
syn-00452,21.71366,10.56559,0.5650627,1,True
syn-00453,14.69343,8.24520,0.2542035,0,True
syn-00454,25.89882,24.10965,0.3232934,0,True
syn-00455,35.16854,18.35132,0.3608995,0,True
syn-00456,15.10619,17.44777,0.5447036,0,True
syn-00457,53.98591,7.38577,0.7684022,0,True
syn-00458,11.43935,18.65387,0.6835627,0,True
syn-00459,15.10508,8.19914,0.6095752,0,True
syn-00460,52.24784,0.00000,0.6357329,1,True
syn-00461,115.51316,4.39809,0.5378205,1,True
syn-00462,105.64006,10.98162,0.7471892,1,True
syn-00463,22.98893,19.21714,0.5404834,0,True
syn-00464,26.96862,23.54100,0.4453900,0,True
syn-00465,22.24717,16.57971,0.1917109,0,True
syn-00466,23.17042,26.38468,0.8411993,0,True
syn-00467,52.60955,12.10403,0.3919540,0,True
syn-00468,7.29162,1.89547,0.3378173,0,True
syn-00469,67.52958,12.26363,0.6509639,1,True
syn-00470,45.16360,12.52078,0.9603819,0,True
syn-00471,3.74822,18.63485,0.9379501,0,True
syn-00472,5.74056,7.62405,0.7244788,0,True
syn-00473,94.72279,15.53602,0.4674252,1,True
syn-00474,6.29141,2.55111,0.3413384,0,True
syn-00475,70.26079,18.36334,0.3539868,0,True
syn-00476,69.74036,0.00000,0.4903903,0,True
syn-00477,7.37383,16.75657,0.7507300,1,True
syn-00478,35.74707,0.13401,0.6819686,0,True
syn-00479,25.96043,25.58688,0.5210613,0,True
syn-00480,39.71893,10.96083,0.6940396,0,True
syn-00481,46.43774,11.09376,0.2638657,0,True
syn-00482,8.71156,22.07193,0.9493391,0,True
syn-00483,11.00677,19.41879,0.6905397,0,True
syn-00484,53.41746,24.24086,0.8286160,0,True
syn-00485,91.95673,22.03400,0.8143235,1,True
syn-00486,52.67562,9.82893,0.4976340,0,True
syn-00487,20.84338,28.42525,0.8216013,0,True
syn-00488,9.88697,13.14978,0.7994821,0,True
syn-00489,14.02386,5.43750,0.6914765,0,True
syn-00490,32.83167,17.09447,0.8420064,0,True
syn-00491,20.00745,22.50121,0.8885473,0,True
syn-00492,78.91757,18.79857,0.5262716,1,True
syn-00493,26.38381,0.00000,0.1732240,0,True
syn-00494,19.86108,22.14108,0.4140627,0,True
syn-00495,33.66344,2.53330,0.4991822,0,True
syn-00496,53.02258,20.27567,0.8957355,0,True
syn-00497,36.37439,12.49420,0.7526287,0,True
syn-00498,5.14478,8.99423,0.8515724,0,True
syn-00499,39.99356,2.93976,0.4530434,0,True
syn-00500,29.51244,31.70045,0.7308510,0,True
syn-00501,30.46916,9.11951,0.1893753,0,True
syn-00502,45.34870,3.26569,0.8181326,1,True
syn-00503,36.17009,20.78160,0.6338450,0,True
syn-00504,13.63906,8.49174,0.4098456,0,True
syn-00505,78.54543,9.09011,0.9823740,1,True
syn-00506,43.55188,0.00000,0.7602589,1,True
syn-00507,45.88707,25.61064,0.5620967,0,True
syn-00508,78.84892,9.80064,0.4385572,1,True
syn-00509,11.10992,25.76252,0.9455790,1,True
syn-00510,45.17547,9.28544,0.5899437,0,True
syn-00511,18.99484,8.00452,0.7831042,1,True
syn-00512,36.45390,0.00000,0.7075980,0,True
syn-00513,77.87999,11.69576,0.7023380,1,True
syn-00514,55.59753,9.33345,0.7886184,0,True
syn-00515,35.88552,32.72260,0.6646814,0,True
syn-00516,26.39041,27.44961,0.6962669,0,True
syn-00517,48.07685,8.60929,0.9037274,1,True
syn-00518,30.12593,34.14580,0.2611448,0,True
syn-00519,77.76049,20.64900,0.9257511,1,True
syn-00520,21.21448,3.84263,0.6339409,1,True
syn-00521,12.59574,12.88994,0.7219935,0,True
syn-00522,69.22240,25.38709,0.7711866,1,True
syn-00523,2.68085,7.19815,0.8740711,1,True
syn-00524,80.32273,11.30757,0.2213736,1,True
syn-00525,62.97375,13.71077,0.4437852,0,True
syn-00526,66.55228,20.05702,0.2804918,0,True
syn-00527,9.34166,16.95753,0.2364231,0,True
syn-00528,33.83792,20.98292,0.7608455,1,True
syn-00529,96.02986,5.95726,0.7575183,1,True
syn-00530,71.56979,13.82330,0.6969623,1,True
syn-00531,102.94868,0.00000,0.2552087,1,True
syn-00532,66.42053,8.30864,0.5467943,1,True
syn-00533,37.88931,10.74854,0.7366713,1,True
syn-00534,102.98860,5.10464,0.6384708,1,True
syn-00535,23.15757,10.51700,0.7666436,0,True
syn-00536,70.29623,14.49955,0.5128060,1,True
syn-00537,25.30788,2.52296,0.1879933,0,True
syn-00538,11.99583,16.02806,0.8205879,0,True
syn-00539,43.20897,36.85955,0.6261333,0,True
syn-00540,58.89291,16.67184,0.5948668,0,True
syn-00541,37.88973,4.52127,0.8060632,1,True
syn-00542,101.93810,13.71842,0.3348704,1,True
syn-00543,37.93158,18.31417,0.8061806,0,True
syn-00544,28.44625,9.81174,0.6851604,1,True
syn-00545,56.59606,22.08567,0.5008713,1,True
syn-00546,60.37473,5.40851,0.5086384,1,True
syn-00547,42.16675,0.77027,0.8967842,1,True
syn-00548,50.03769,24.01863,0.4114803,0,True
syn-00549,45.72816,9.54386,0.8464439,1,True
syn-00550,76.58490,16.86246,0.7458289,1,True
syn-00551,3.63034,7.74212,0.3164897,0,True
syn-00552,12.02018,4.83609,0.6714848,1,True
syn-00553,12.39639,22.76269,0.5792671,0,True
syn-00554,7.05425,16.44229,0.6855606,0,True
syn-00555,32.57608,21.53492,0.6081080,0,True
syn-00556,70.07065,10.95675,0.5341249,1,True
syn-00557,36.25589,4.52801,0.8141483,1,True
syn-00558,24.89969,7.08506,0.4877307,0,True
syn-00559,8.27891,0.65604,0.8069023,0,True
syn-00560,43.13694,9.88850,0.7314485,0,True
syn-00561,42.64588,10.49524,0.5407246,1,True
syn-00562,24.26838,8.74075,0.5636477,0,True
syn-00563,32.06674,8.95341,0.7074018,0,True
syn-00564,8.01634,0.00000,0.4044789,0,True
syn-00565,18.40532,17.46562,0.5696148,0,True
syn-00566,72.72566,34.49958,0.6926116,0,True
syn-00567,29.17707,13.61226,0.3269627,0,True
syn-00568,63.43477,0.00000,0.4675646,0,True
syn-00569,32.89371,25.15588,0.1640640,0,True
syn-00570,49.52538,16.02822,0.6733637,1,True
syn-00571,76.72783,4.96316,0.9286223,1,True
syn-00572,58.48809,7.86102,0.7836570,1,True
syn-00573,21.42775,3.32923,0.7717100,1,True
syn-00574,82.05930,0.00000,0.2956040,1,True
syn-00575,83.64297,15.88981,0.1534918,0,True
syn-00576,19.15153,6.06572,0.8798550,0,True
syn-00577,53.82878,23.20245,0.3358581,0,True
syn-00578,61.45800,21.36322,0.5805812,0,True
syn-00579,31.26272,23.20632,0.4596551,0,True
syn-00580,25.71125,14.16984,0.3752441,0,True
syn-00581,31.03973,11.65581,0.5508206,0,True
syn-00582,62.39409,16.09074,0.3808153,0,True
syn-00583,38.46853,24.86011,0.8130997,0,True
syn-00584,90.05881,0.00000,0.6389158,1,True
syn-00585,93.80653,8.79149,0.7717785,1,True
syn-00586,35.07885,5.42380,0.6092293,0,True
syn-00587,46.63424,23.41356,0.2772446,0,True
syn-00588,29.43001,11.38810,0.6743315,1,True
syn-00589,23.56786,5.27031,0.1672119,0,True
syn-00590,7.15622,13.70941,0.7190819,0,True
syn-00591,38.66446,1.36084,0.4262933,1,True
syn-00592,31.89150,10.62242,0.5534831,0,True
syn-00593,57.51240,11.12892,0.7678567,0,True
syn-00594,51.03345,5.46482,0.2321767,0,True
syn-00595,17.17169,8.58220,0.4804262,0,True
syn-00596,39.66116,10.17205,0.7282577,1,True
syn-00597,25.51454,23.04103,0.2135440,0,True
syn-00598,76.23396,20.17790,0.9322236,1,True
syn-00599,5.75349,26.68250,0.5850075,0,True
syn-00600,41.97398,14.22683,0.7896944,0,True
syn-00601,87.94531,25.79137,0.8883599,1,True
syn-00602,17.72168,13.58472,0.7626104,0,True
syn-00603,9.71581,6.34110,0.6746562,0,True
syn-00604,16.40233,0.00000,0.5500135,0,True
syn-00605,14.37580,19.39882,0.7105691,0,True
syn-00606,47.73025,3.14132,0.8795053,1,True
syn-00607,25.77538,22.29779,0.9205287,1,True
syn-00608,22.58431,7.79127,0.6786157,0,True
syn-00609,43.59002,0.00000,0.7724667,1,True
syn-00610,55.67863,0.00000,0.6294960,1,True
syn-00611,140.00000,9.94485,0.3600383,1,True
syn-00612,18.89055,27.23413,0.1626893,0,True
syn-00613,32.90001,21.65547,0.6942496,0,True
syn-00614,140.00000,14.88834,0.4227450,1,True
syn-00615,49.36165,12.31255,0.9269198,1,True
syn-00616,31.04643,15.91264,0.7444973,1,True
syn-00617,4.64799,17.55078,0.5012621,0,True
syn-00618,38.47620,26.38355,0.7186518,0,True
syn-00619,136.85986,2.89075,0.8522150,1,True
syn-00620,21.34686,11.43882,0.8311540,1,True
syn-00621,32.93903,7.95203,0.3044393,0,True
syn-00622,70.54052,10.23396,0.5355402,1,True
syn-00623,7.69761,5.92854,0.5291221,0,True
syn-00624,31.08831,16.42897,0.5665789,0,True
syn-00625,78.64594,32.69680,0.9607027,0,True
syn-00626,58.92730,12.20652,0.4308082,1,True
syn-00627,29.92986,14.25384,0.4932648,0,True
syn-00628,19.90726,24.38519,0.3578199,0,True
syn-00629,49.85171,24.79712,0.5993101,0,True
syn-00630,37.87704,3.73319,0.9498484,1,True
syn-00631,23.85729,24.27148,0.8268299,0,True
syn-00632,33.84331,15.87816,0.8213578,0,True
syn-00633,24.16976,5.95505,0.6999136,1,True
syn-00634,23.66734,4.10139,0.6105926,0,True
syn-00635,5.15383,14.97023,0.4943110,0,True
syn-00636,23.51044,13.90841,0.6422188,1,True
syn-00637,55.48611,9.27362,0.2742869,0,True
syn-00638,29.57897,24.90905,0.3726690,0,True
syn-00639,9.53493,24.65463,0.8770456,0,True
syn-00640,39.44487,19.18956,0.8461524,1,True
syn-00641,57.44251,10.00866,0.1090664,1,True
syn-00642,29.58580,21.22290,0.4914853,0,True
syn-00643,21.43248,22.19016,0.7581285,0,True
syn-00644,93.33048,2.78002,0.7802945,1,True
syn-00645,58.60998,6.12170,0.5378309,1,True
syn-00646,21.36947,18.10246,0.8941949,0,True
syn-00647,38.61750,0.00000,0.3436085,0,True
syn-00648,108.29120,7.57246,0.6251986,1,True
syn-00649,16.34765,3.32231,0.8097157,1,True
syn-00650,37.89311,3.88048,0.7427967,1,True
syn-00651,4.62324,17.08395,0.2669036,0,True
syn-00652,83.11728,16.52449,0.6670850,1,True
syn-00653,12.90110,36.03131,0.8809295,0,True
syn-00654,38.64467,26.22668,0.6957266,0,True
syn-00655,75.77935,13.44961,0.4975330,0,True
syn-00656,11.99846,32.62043,0.5265235,0,True
syn-00657,57.63142,5.93503,0.7969797,1,True
syn-00658,15.08630,14.03120,0.8396189,0,True
syn-00659,22.61093,0.00000,0.5440519,0,True
syn-00660,50.88245,3.51878,0.9605364,1,True
syn-00661,62.05608,4.79606,0.6491907,0,True
syn-00662,16.40932,17.94853,0.2560081,0,True
syn-00663,8.61581,13.37809,0.4675373,0,True
syn-00664,97.21017,10.15184,0.2130072,0,True
syn-00665,73.82408,15.72628,0.2494374,0,True
syn-00666,94.71536,3.73817,0.5377118,1,True
syn-00667,65.91793,29.33032,0.8055463,1,True
syn-00668,28.50907,10.45547,0.8521473,0,True
syn-00669,10.26698,0.00000,0.5354632,1,True
syn-00670,37.50421,0.68199,0.5445780,1,True
syn-00671,13.45934,14.82250,0.6322610,0,True
syn-00672,32.35819,16.82445,0.2354398,1,True
syn-00673,29.92054,12.27914,0.3440974,0,True
syn-00674,22.90168,13.63604,0.3031191,0,True
syn-00675,33.42102,4.32123,0.2457297,0,True
syn-00676,30.57274,12.32694,0.1535076,0,True
syn-00677,35.39387,4.82219,0.6456977,1,True
syn-00678,35.57755,15.78344,0.3830171,0,True
syn-00679,15.41366,9.24527,0.5118436,1,True
syn-00680,68.62688,9.10678,0.3184466,1,True
syn-00681,39.38737,26.71400,0.6365553,1,True
syn-00682,24.58439,21.89462,0.1690983,0,True
syn-00683,40.29382,18.96307,0.6806313,0,True
syn-00684,92.91645,12.31251,0.9810064,1,True
syn-00685,42.75048,9.96236,0.6322281,1,True
syn-00686,31.50883,14.46237,0.7428545,0,True
syn-00687,7.81188,5.82384,0.6067427,1,True
syn-00688,46.10791,34.37149,0.5829626,0,True
syn-00689,56.09869,12.35447,0.1798468,0,True
syn-00690,11.52515,12.77377,0.4572150,0,True
syn-00691,32.94034,7.95397,0.0663625,0,True
syn-00692,31.97574,21.79515,0.5995674,0,True
syn-00693,45.90642,9.65975,0.6834659,0,True
syn-00694,63.88754,9.63492,0.6684648,1,True
syn-00695,15.63393,8.67278,0.7868760,1,True
syn-00696,85.81829,20.63026,0.7395856,1,True
syn-00697,34.36833,15.79611,0.2034600,0,True
syn-00698,62.96351,20.50197,0.7717264,1,True
syn-00699,42.83875,26.45406,0.4824259,0,True
syn-00700,71.44300,1.57410,0.6180716,1,True
syn-00701,34.84566,11.52106,0.8575330,0,True
syn-00702,47.92036,8.14926,0.3779339,1,True
syn-00703,43.85147,4.83778,0.3529768,0,True
syn-00704,7.39407,11.99215,0.7609484,0,True
syn-00705,83.93293,16.23234,0.6948424,1,True
syn-00706,13.24779,16.28350,0.7629234,0,True
syn-00707,74.59412,2.15742,0.5306621,1,True
syn-00708,62.78741,0.45740,0.2138318,0,True
syn-00709,97.00993,13.25990,0.8429476,1,True
syn-00710,75.39459,7.82133,0.3001579,1,True
syn-00711,20.54950,3.90565,0.7766676,0,True
syn-00712,33.53629,27.23455,0.7975786,0,True
syn-00713,8.77653,14.01153,0.3306688,0,True
syn-00714,18.56279,16.79328,0.6467709,0,True
syn-00715,22.68041,11.59959,0.5364687,0,True
syn-00716,19.47971,0.88812,0.7303601,0,True
syn-00717,17.39781,0.00000,0.4141076,0,True
syn-00718,137.22078,13.10715,0.6223757,1,True
syn-00719,38.08139,7.11929,0.8102933,1,True
syn-00720,39.11360,26.62606,0.3072941,0,True
syn-00721,13.71220,18.44057,0.4444662,0,True
syn-00722,28.56013,19.43279,0.4012497,0,True
syn-00723,12.68337,24.35236,0.2702310,0,True
syn-00724,45.24733,1.73947,0.1137612,0,True
syn-00725,81.12051,21.24688,0.8623758,1,True
syn-00726,11.99087,13.67952,0.6147011,1,True
syn-00727,31.43452,22.89651,0.8281207,0,True
syn-00728,76.16151,21.50167,0.8940192,1,True
syn-00729,61.87861,9.45575,0.7569916,1,True
syn-00730,70.88418,10.51226,0.6549401,1,True
syn-00731,57.77259,7.15630,0.7010739,0,True
syn-00732,89.60209,7.99507,0.4556276,1,True
syn-00733,6.87780,11.83354,0.8414118,0,True
syn-00734,22.07525,5.08011,0.3490450,0,True
syn-00735,22.32219,9.49829,0.4734919,0,True
syn-00736,23.30433,11.33816,0.2603029,0,True
syn-00737,63.64353,7.35735,0.6762423,1,True
syn-00738,2.43007,20.40385,0.5620849,0,True
syn-00739,15.63763,20.15009,0.8358744,0,True
syn-00740,19.15844,27.48861,0.3087472,0,True
syn-00741,37.41955,20.96085,0.8898535,0,True
syn-00742,26.99513,0.00000,0.8062748,0,True
syn-00743,30.38260,10.04894,0.8260257,0,True
syn-00744,79.89624,7.71043,0.4832003,1,True
syn-00745,92.38309,33.05629,0.3719748,1,True
syn-00746,51.09021,2.02259,0.4867952,0,True
syn-00747,30.97775,6.25188,0.9567121,1,True
syn-00748,24.44569,2.53764,0.3896037,0,True
syn-00749,40.45667,14.57628,0.5138599,1,True
syn-00750,22.06818,0.00000,0.6256753,0,True
syn-00751,98.93539,16.55477,0.7337340,1,True
syn-00752,54.19411,15.16924,0.3567810,0,True
syn-00753,62.25566,6.31020,0.8246489,1,True
syn-00754,18.13656,1.55230,0.1130434,0,True
syn-00755,110.77524,16.51221,0.6093717,1,True
syn-00756,88.85626,10.46942,0.3499496,1,True
syn-00757,48.08917,15.41223,0.6729773,0,True
syn-00758,54.61855,4.70418,0.3532562,1,True
syn-00759,13.20813,7.63445,0.2905875,0,True
syn-00760,28.53205,26.87453,0.5567974,1,True
syn-00761,29.58008,20.76965,0.5173175,0,True
syn-00762,42.17965,10.75112,0.6321244,1,True
syn-00763,18.47784,21.49530,0.6482523,0,True
syn-00764,6.31975,5.23219,0.7655929,0,True
syn-00765,53.04835,16.33234,0.7070581,1,True
syn-00766,34.82380,15.25723,0.6822130,1,True
syn-00767,38.14963,2.13866,0.5094151,0,True
syn-00768,2.78440,13.16461,0.3800653,0,True
syn-00769,17.51442,7.37253,0.1686819,0,True
syn-00770,18.33920,33.44593,0.8175720,0,True
syn-00771,22.97943,8.12603,0.5197685,0,True
syn-00772,34.49771,2.33469,0.4857649,1,True
syn-00773,71.12447,23.16261,0.7565863,0,True
syn-00774,27.10311,7.18462,0.6759393,0,True
syn-00775,3.27427,18.49484,0.8180691,0,True
syn-00776,70.49384,3.00712,0.6903193,1,True
syn-00777,48.84426,16.66195,0.4249381,0,True
syn-00778,58.38554,18.04279,0.5690704,1,True
syn-00779,48.18256,14.15104,0.4534703,1,True
syn-00780,7.37957,25.69880,0.9699306,0,True
syn-00781,67.20827,34.36525,0.5507628,0,True
syn-00782,18.94680,7.15072,0.4532034,0,True
syn-00783,16.58094,18.08908,0.1192847,0,True
syn-00784,62.88968,1.73824,0.6964664,1,True
syn-00785,30.00817,26.20564,0.8858140,0,True
syn-00786,32.02006,19.37679,0.5045170,0,True
syn-00787,37.05740,8.76204,0.5791369,0,True
syn-00788,49.47432,2.65306,0.4088762,0,True
syn-00789,99.62797,19.10227,0.4194888,1,True
syn-00790,19.57794,18.64985,0.7775702,0,True
syn-00791,10.28828,16.72475,0.4907598,0,True
syn-00792,33.81073,22.37860,0.7946194,1,True
syn-00793,27.64273,8.38467,0.4534428,0,True
syn-00794,78.62172,15.89990,0.8728994,1,True
syn-00795,43.63388,8.26576,0.7889445,1,True
syn-00796,20.63570,0.00000,0.4740251,0,True
syn-00797,11.15520,14.21023,0.7418449,1,True
syn-00798,9.64770,20.03319,0.6673234,0,True
syn-00799,7.80362,1.84843,0.7754473,0,True
syn-00800,98.17336,9.53931,0.8470067,1,True
syn-00801,7.02239,3.74016,0.5384562,0,True
syn-00802,31.11049,17.61411,0.8497415,0,True
syn-00803,18.45873,16.39372,0.6958608,1,True
syn-00804,39.98014,5.74647,0.7904630,1,True
syn-00805,46.62443,16.59265,0.4649311,0,True
syn-00806,6.51443,32.40546,0.6233258,0,True
syn-00807,64.22717,4.25218,0.0856901,1,True
syn-00808,16.92961,6.00004,0.4947276,0,True
syn-00809,5.51365,6.00384,0.8130556,1,True
syn-00810,40.28395,4.58272,0.4431890,1,True
syn-00811,65.82977,12.44992,0.6758169,1,True
syn-00812,58.12738,28.30194,0.8277650,1,True
syn-00813,14.54765,8.69168,0.8828182,0,True
syn-00814,65.39164,5.25582,0.7163811,0,True
syn-00815,54.52379,17.79849,0.8170731,0,True
syn-00816,64.95896,14.07867,0.6174181,1,True
syn-00817,70.41705,8.30870,0.8403336,1,True
syn-00818,22.13946,11.95911,0.6917072,0,True
syn-00819,50.23867,14.75690,0.9343303,0,True
syn-00820,12.08780,13.92278,0.7494325,1,True
syn-00821,31.32043,15.88832,0.5097998,0,True
syn-00822,12.60181,3.97316,0.9704403,0,True
syn-00823,38.93789,13.94983,0.5782520,0,True
syn-00824,57.80844,5.05126,0.4260756,1,True
syn-00825,2.24579,0.00000,0.7760314,0,True
syn-00826,17.28947,22.93377,0.6942121,0,True
syn-00827,22.83424,14.99588,0.6044388,0,True
syn-00828,27.91084,22.39261,0.7409500,0,True
syn-00829,9.17612,29.03111,0.9608938,0,True
syn-00830,22.35301,4.88053,0.3514852,0,True
syn-00831,35.47686,25.76659,0.7901191,0,True
syn-00832,42.68405,11.96809,0.4371949,0,True
syn-00833,117.58037,13.90092,0.5402882,1,True
syn-00834,34.64526,17.37506,0.7129601,0,True
syn-00835,68.07951,14.92718,0.3143693,1,True
syn-00836,2.11633,27.86001,0.3672929,0,True
syn-00837,81.28672,31.56032,0.4107868,0,True
syn-00838,7.72516,15.04902,0.3174744,0,True
syn-00839,5.03903,5.26166,0.4431073,0,True
syn-00840,31.24166,0.00000,0.5765181,1,True
syn-00841,108.76952,0.00000,0.6511058,1,True
syn-00842,36.80139,5.16866,0.7105251,0,True
syn-00843,12.36013,7.65811,0.3103839,0,True
syn-00844,32.04702,35.34733,0.2718725,0,True
syn-00845,59.84607,14.61279,0.6536248,1,True
syn-00846,21.46487,21.68266,0.4190721,0,True
syn-00847,76.84326,0.00000,0.7312874,1,True
syn-00848,54.74482,16.38042,0.3156798,0,True
syn-00849,47.10271,23.48691,0.0645088,0,True
syn-00850,65.19664,0.00000,0.5301076,0,True
syn-00851,62.01490,19.02429,0.7450600,1,True
syn-00852,42.21495,15.04853,0.5353140,1,True
syn-00853,23.16988,2.95907,0.2596773,0,True
syn-00854,33.32215,19.21676,0.8843750,0,True
syn-00855,22.91232,4.17434,0.7964644,1,True
syn-00856,24.59045,5.90379,0.7684717,1,True
syn-00857,59.31109,10.20296,0.4439844,1,True
syn-00858,29.77937,29.03865,0.4248059,0,True
syn-00859,27.35481,24.79922,0.3763416,0,True
syn-00860,134.15283,4.92643,0.6815276,1,True
syn-00861,8.34165,7.91601,0.5469722,0,True
syn-00862,50.47944,29.41716,0.7628897,0,True
syn-00863,28.10822,12.63809,0.6075381,0,True
syn-00864,39.01047,14.81697,0.6445695,0,True
syn-00865,65.93800,6.91894,0.9869927,1,True
syn-00866,58.92958,7.23582,0.0490037,1,True
syn-00867,19.66564,10.72839,0.4607773,0,True
syn-00868,28.14649,15.42448,0.5525427,0,True
syn-00869,19.94266,20.05613,0.1307349,0,True
syn-00870,40.89349,12.68252,0.9119924,0,True
syn-00871,55.04678,19.49462,0.7909484,0,True
syn-00872,51.80080,8.41765,0.5247550,1,True
syn-00873,37.69131,16.19809,0.3297527,0,True
syn-00874,21.34418,26.13877,0.5243003,0,True
syn-00875,37.73899,17.48535,0.6285495,0,True
syn-00876,73.19534,15.93399,0.7985053,1,True
syn-00877,82.01210,14.35729,0.4393519,1,True
syn-00878,3.54419,10.94250,0.1208875,0,True
syn-00879,64.47095,20.83634,0.7978314,1,True
syn-00880,40.82764,14.52711,0.7789336,0,True
syn-00881,119.42927,3.09972,0.2352063,1,True
syn-00882,45.81791,11.62169,0.2749563,0,True
syn-00883,28.32574,5.80213,0.8302433,0,True
syn-00884,27.94969,11.41243,0.3063324,0,True
syn-00885,40.90612,0.00000,0.4194477,0,True
syn-00886,12.27164,10.52470,0.3104251,0,True
syn-00887,36.35926,10.68464,0.5914045,1,True
syn-00888,52.81302,4.60061,0.7931091,1,True
syn-00889,105.07400,16.10401,0.3795939,1,True
syn-00890,55.79172,17.15560,0.5640348,0,True
syn-00891,62.25113,0.00000,0.7665554,0,True
syn-00892,55.51081,12.12848,0.7931670,1,True
syn-00893,45.18753,19.27318,0.8393711,1,True
syn-00894,5.38733,15.99766,0.8735109,0,True
syn-00895,20.72409,8.09297,0.6751202,0,True
syn-00896,16.21550,5.85850,0.4037578,1,True
syn-00897,14.51643,7.15903,0.7165311,0,True
syn-00898,14.57025,18.77296,0.8562962,0,True
syn-00899,12.31543,9.02961,0.4399351,0,True
syn-00900,21.00025,5.46334,0.4231796,1,True
syn-00901,98.20973,7.52367,0.5529121,1,True
syn-00902,138.12442,16.88830,0.4304734,1,True
syn-00903,19.62483,23.37809,0.3863656,1,True
syn-00904,14.50693,9.39884,0.8373163,1,True
syn-00905,68.46127,18.53963,0.6746318,1,True
syn-00906,37.48684,14.74594,0.6735064,0,True
syn-00907,140.00000,16.43193,0.5335567,1,True
syn-00908,48.81994,9.26244,0.6316534,1,True
syn-00909,75.40286,18.84888,0.5926607,1,True
syn-00910,72.52679,10.72612,0.2025701,0,True
syn-00911,43.22180,6.75852,0.5328097,0,True
syn-00912,114.51331,4.07585,0.4334217,1,True
syn-00913,29.02577,14.73736,0.0352140,0,True
syn-00914,57.47332,15.26484,0.6453352,0,True
syn-00915,35.55574,12.51381,0.2516558,0,True
syn-00916,55.45443,0.00000,0.9707139,1,True
syn-00917,61.49767,20.07933,0.5912108,0,True
syn-00918,42.36790,9.31241,0.3754975,0,True
syn-00919,45.62993,11.48107,0.9777580,1,True
syn-00920,27.99647,8.53494,0.6637956,0,True
syn-00921,9.76508,11.54937,0.5548505,0,True
syn-00922,16.50073,9.23776,0.2213145,1,True
syn-00923,104.11423,15.76827,0.6483512,0,True
syn-00924,15.81361,11.14074,0.6149513,0,True
syn-00925,31.06884,21.60398,0.4696124,0,True
syn-00926,38.87613,19.21392,0.7111053,0,True
syn-00927,29.65805,16.61996,0.5457833,1,True
syn-00928,86.87201,20.12220,0.6419678,1,True
syn-00929,10.80399,26.75709,0.2542447,0,True
syn-00930,54.92548,8.87681,0.9602411,1,True
syn-00931,0.54385,10.68910,0.6950272,0,True
syn-00932,74.58609,16.29092,0.9156804,1,True
syn-00933,65.05251,7.22645,0.6497347,1,True
syn-00934,28.48316,8.81754,0.8867751,0,True
syn-00935,21.43238,16.34991,0.1986741,0,True
syn-00936,9.36021,21.05048,0.2664697,0,True
syn-00937,106.78329,2.37101,0.3204551,1,True
syn-00938,29.18220,0.00000,0.3840461,1,True
syn-00939,9.65291,8.26310,0.7381350,1,True
syn-00940,140.00000,17.80339,0.7706162,1,True
syn-00941,42.62790,11.06132,0.7157078,1,True
syn-00942,44.98284,19.12455,0.6140363,0,True
syn-00943,29.81381,6.42968,0.6313702,1,True
syn-00944,57.98471,10.44017,0.4785627,0,True
syn-00945,29.39318,15.41637,0.3929381,0,True
syn-00946,39.28788,9.88209,0.2946074,0,True
syn-00947,60.04114,22.68186,0.6466722,0,True
syn-00948,68.68930,17.86195,0.1860154,0,True
syn-00949,48.79736,14.60724,0.6287059,0,True
syn-00950,4.93279,12.15685,0.8389097,0,True
syn-00951,27.15259,12.81100,0.6964223,0,True
syn-00952,50.63422,17.56511,0.7646510,1,True
syn-00953,34.68274,13.38596,0.5626220,1,True
syn-00954,58.36404,23.72292,0.5903458,0,True
syn-00955,8.04788,3.91338,0.6915174,0,True
syn-00956,98.40674,24.67865,0.4150837,0,True
syn-00957,23.67346,17.81964,0.6749032,0,True
syn-00958,52.58764,0.00000,0.8643284,1,True
syn-00959,59.95490,16.38694,0.6378830,1,True
syn-00960,25.99898,15.93523,0.4593647,0,True
syn-00961,44.25719,13.93211,0.3034565,0,True
syn-00962,80.06370,17.30299,0.3904287,1,True
syn-00963,5.77593,30.97650,0.3319171,0,True
syn-00964,76.62297,20.45687,0.7521963,1,True
syn-00965,51.82010,29.35903,0.4872963,0,True
syn-00966,27.06424,32.62490,0.3042884,0,True
syn-00967,33.07195,17.52742,0.7640601,0,True
syn-00968,10.09947,26.08612,0.5264724,1,True
syn-00969,21.19143,0.00000,0.0953406,0,True
syn-00970,22.92920,13.19704,0.8940660,0,True
syn-00971,51.82032,16.06327,0.6482468,0,True
syn-00972,31.55950,17.51004,0.5987186,0,True
syn-00973,88.16509,5.69910,0.9141027,1,True
syn-00974,50.41205,3.93348,0.3660545,1,True
syn-00975,44.73975,22.58403,0.1871185,0,True
syn-00976,37.37033,31.88415,0.6267512,0,True
syn-00977,68.01358,5.61149,0.4068731,0,True
syn-00978,69.10437,12.33674,0.7281029,1,True
syn-00979,15.05769,30.72655,0.5717158,0,True
syn-00980,51.51264,17.63257,0.7401388,1,True
syn-00981,12.13824,16.65307,0.9091973,0,True
syn-00982,45.53781,0.00000,0.1414460,1,True
syn-00983,36.52278,12.16043,0.3369931,0,True
syn-00984,17.29851,3.38621,0.4747329,0,True
syn-00985,51.59467,0.00000,0.8309764,1,True
syn-00986,7.07494,6.51007,0.8210003,1,True
syn-00987,14.89451,4.13043,0.8072597,0,True
syn-00988,29.02319,32.28942,0.7569078,0,True
syn-00989,32.65676,12.38316,0.8521059,0,True
syn-00990,16.73758,10.87189,0.8269656,0,True
syn-00991,16.52481,26.45779,0.5493561,0,True
syn-00992,18.11384,0.34322,0.7163593,0,True
syn-00993,18.83783,32.02429,0.3684731,0,True
syn-00994,27.12130,12.41606,0.4070124,0,True
syn-00995,73.97797,14.60885,0.7502874,1,True
syn-00996,33.18143,1.58517,0.2956658,0,True
syn-00997,14.09946,13.98343,0.4978453,0,True
syn-00998,16.93701,39.57243,0.8677703,0,True
syn-00999,29.84655,4.37603,0.6141936,0,True
syn-01000,104.56422,6.68954,0.3585801,1,True
syn-01001,15.58096,25.94504,0.5205860,0,True
syn-01002,8.08030,5.28494,0.6816108,0,True
syn-01003,66.03295,11.21289,0.9666905,1,True
syn-01004,140.00000,18.22572,0.6050352,1,True
syn-01005,18.94969,6.05284,0.7816663,0,True
syn-01006,5.16980,21.63594,0.7140401,0,True
syn-01007,35.47734,10.46710,0.8174998,1,True
syn-01008,36.89374,7.87586,0.8090859,0,True
syn-01009,18.35683,16.33347,0.7410979,1,True
syn-01010,63.48087,9.20305,0.8219604,0,True
syn-01011,56.01566,12.03194,0.1383550,1,True
syn-01012,28.03638,12.04775,0.5536898,0,True
syn-01013,38.59543,4.21618,0.5203259,1,True
syn-01014,26.31465,15.22060,0.5984517,0,True
syn-01015,10.70846,16.08996,0.6609232,1,True
syn-01016,65.15746,9.96690,0.6696156,1,True
syn-01017,22.31941,19.97079,0.1779428,0,True
syn-01018,17.96575,21.31707,0.5149740,0,True
syn-01019,89.33808,15.15513,0.9269781,1,True
syn-01020,11.81668,14.29694,0.9489058,0,True
syn-01021,48.81484,23.60420,0.5390034,0,True
syn-01022,50.94349,1.74482,0.9535415,1,True
syn-01023,19.94017,7.53586,0.5702505,0,True
syn-01024,28.38469,5.79364,0.7421558,1,True
syn-01025,26.47312,20.64096,0.4339418,0,True
syn-01026,16.33513,12.93832,0.5337687,0,True
syn-01027,69.79282,8.18254,0.9694144,1,True
syn-01028,46.15089,25.47396,0.5389765,0,True
syn-01029,83.48328,15.34955,0.5863714,1,True
syn-01030,36.48015,8.49964,0.6584926,0,True
syn-01031,48.45401,8.71850,0.3423909,0,True
syn-01032,20.49290,27.94932,0.4724849,0,True
syn-01033,25.83382,10.34850,0.9620768,0,True
syn-01034,23.78367,0.00000,0.6838826,1,True
syn-01035,26.93123,23.14511,0.4490943,0,True
syn-01036,13.34751,14.92357,0.6817223,0,True
syn-01037,13.69792,23.69972,0.6848103,0,True
syn-01038,30.58155,11.86125,0.5589661,1,True
syn-01039,19.19860,0.65465,0.4302275,1,True
syn-01040,9.62326,5.35537,0.5747374,0,True
syn-01041,20.62744,14.63278,0.7591977,0,True
syn-01042,2.89925,1.50146,0.5889528,0,True
syn-01043,2.86064,35.22749,0.2078227,0,True
syn-01044,43.04734,19.95242,0.1049738,0,True
syn-01045,87.20975,3.29527,0.8208183,1,True
syn-01046,59.70481,22.86383,0.7346932,0,True
syn-01047,108.39447,9.71309,0.5740798,1,True
syn-01048,65.80312,4.39545,0.4558387,0,True
syn-01049,5.91670,2.48627,0.3997737,0,True
syn-01050,44.05518,12.03403,0.8916060,1,True
syn-01051,53.51596,11.10411,0.1660885,0,True
syn-01052,19.88864,17.43534,0.6669301,0,True
syn-01053,7.19978,37.05043,0.4633394,0,True
syn-01054,116.13911,16.22957,0.2677352,1,True
syn-01055,12.22259,10.05146,0.5026371,1,True
syn-01056,11.51506,23.24579,0.6287683,0,True
syn-01057,18.42502,9.78414,0.5784450,0,True
syn-01058,11.57271,12.91217,0.5919784,0,True
syn-01059,36.04002,9.63542,0.4919875,0,True
syn-01060,55.04060,19.95064,0.1636486,1,True
syn-01061,33.23356,15.67706,0.5693486,0,True
syn-01062,28.76757,13.65615,0.1895128,0,True
syn-01063,18.67419,15.24545,0.7936534,0,True
syn-01064,39.51337,17.45807,0.7543946,0,True
syn-01065,62.50061,9.04286,0.3779122,1,True
syn-01066,39.96923,17.73073,0.8240094,1,True
syn-01067,26.04833,14.60181,0.5009394,0,True
syn-01068,36.46395,5.73711,0.7146946,1,True
syn-01069,27.37455,12.27722,0.3033854,0,True
syn-01070,12.93997,19.07722,0.5640016,0,True
syn-01071,39.42078,10.49575,0.9306446,1,True
syn-01072,72.02714,0.03525,0.5342647,1,True
syn-01073,79.45179,5.97540,0.3535850,1,True
syn-01074,81.85630,12.83126,0.3347599,1,True
syn-01075,27.76635,24.63861,0.8390406,0,True
syn-01076,5.52439,37.47655,0.5457600,0,True
syn-01077,46.62732,14.68065,0.4616742,0,True
syn-01078,39.23091,12.17035,0.4797903,0,True
syn-01079,107.74458,23.55411,0.7940171,1,True
syn-01080,43.53106,17.43580,0.3134376,1,True
syn-01081,27.40578,4.69446,0.7255871,1,True
syn-01082,82.66534,9.79912,0.5648196,1,True
syn-01083,39.32441,6.93563,0.5305299,0,True
syn-01084,89.69060,34.38350,0.7601935,1,True
syn-01085,36.24144,7.27470,0.2298314,0,True
syn-01086,87.37133,14.91831,0.8938087,1,True
syn-01087,140.00000,18.03000,0.3577132,1,True
syn-01088,16.19701,21.05642,0.7336066,1,True
syn-01089,67.95165,15.16063,0.6959987,0,True
syn-01090,24.76961,19.40858,0.6254600,0,True
syn-01091,106.32485,0.00000,0.8637893,1,True
syn-01092,11.24717,19.45896,0.5918874,0,True
syn-01093,13.39266,9.73350,0.7995430,0,True
syn-01094,23.47324,14.86068,0.6444252,0,True
syn-01095,22.66630,7.18148,0.2159738,0,True
syn-01096,58.36988,28.88478,0.2743555,0,True
syn-01097,37.34513,4.47864,0.2145168,1,True
syn-01098,1.05042,18.76603,0.5217292,0,True
syn-01099,22.79542,0.00000,0.2428250,0,True
syn-01100,30.04659,12.18362,0.6296628,0,True
syn-01101,12.25309,11.90825,0.4121357,0,True
syn-01102,22.37846,22.91512,0.3258650,0,True
syn-01103,72.13127,2.78406,0.5300434,1,True
syn-01104,48.05168,9.14873,0.7708457,1,True
syn-01105,101.89140,2.94233,0.6787173,1,True
syn-01106,56.29920,14.28814,0.7254776,1,True
syn-01107,83.44416,27.47745,0.7685073,1,True
syn-01108,46.64287,4.81740,0.8031006,1,True
syn-01109,17.39185,21.02862,0.9138821,0,True
syn-01110,20.58354,0.00000,0.4940809,0,True
syn-01111,18.12399,0.00000,0.6179061,0,True
syn-01112,58.86603,13.22627,0.8534871,1,True
syn-01113,7.89739,4.83269,0.7242048,0,True
syn-01114,26.39973,25.41034,0.4847257,0,True
syn-01115,49.97298,15.91011,0.5628777,1,True
syn-01116,46.88806,29.19590,0.9930722,0,True
syn-01117,24.30633,5.13139,0.6028928,0,True
syn-01118,52.90619,15.80844,0.6668864,1,True
syn-01119,9.62350,8.61175,0.5073406,0,True
syn-01120,60.39651,11.89176,0.6712073,1,True
syn-01121,41.26069,14.69979,0.8321632,0,True
syn-01122,24.34477,5.29542,0.8641453,0,True
syn-01123,11.47321,12.36708,0.5255866,0,True
syn-01124,16.12038,15.26289,0.6667483,0,True
syn-01125,63.98825,25.01392,0.8287464,0,True
syn-01126,29.70492,14.21408,0.7136436,0,True
syn-01127,15.13944,7.38404,0.6853359,0,True
syn-01128,112.15795,17.73269,0.7338209,1,True
syn-01129,56.15346,12.11209,0.6683592,1,True
syn-01130,9.83717,9.97631,0.3076659,0,True
syn-01131,10.11955,28.23784,0.8914567,0,True
syn-01132,84.68610,34.31722,0.7921360,0,True
syn-01133,47.64874,20.33799,0.8446494,0,True
syn-01134,9.51682,5.35630,0.3885658,0,True
syn-01135,47.91969,18.86070,0.1185791,0,True
syn-01136,28.11391,10.88938,0.4181042,0,True
syn-01137,26.42677,0.15368,0.5151737,0,True
syn-01138,25.87345,7.16277,0.2771288,0,True
syn-01139,76.85096,7.95163,0.5832179,1,True
syn-01140,37.38571,20.86414,0.6339611,0,True
syn-01141,34.05464,2.73172,0.6086598,1,True
syn-01142,106.44270,22.89533,0.5801375,1,True
syn-01143,30.55333,11.63997,0.6144195,1,True
syn-01144,94.65591,18.87723,0.7923737,1,True
syn-01145,24.92418,18.44572,0.6322137,0,True
syn-01146,30.03607,18.42698,0.6870179,0,True
syn-01147,44.96803,24.77019,0.4162896,0,True
syn-01148,44.75582,5.48563,0.6965846,0,True
syn-01149,8.25283,17.80067,0.8732301,0,True
syn-01150,37.71592,7.43073,0.7132183,0,True
syn-01151,63.79916,20.90798,0.4029260,1,True
syn-01152,5.88765,0.00000,0.3291849,0,True
syn-01153,18.43729,19.29795,0.7504386,0,True
syn-01154,11.40814,4.46648,0.6393241,1,True
syn-01155,34.13353,20.09515,0.3208306,0,True
syn-01156,33.10516,4.62940,0.7249043,1,True
syn-01157,43.94725,10.94240,0.4966776,0,True
syn-01158,84.17374,16.81914,0.3467384,0,True
syn-01159,15.82607,9.38728,0.3533593,0,True
syn-01160,34.58507,14.52190,0.7622876,1,True
syn-01161,30.22813,15.95732,0.4503948,0,True
syn-01162,20.72280,20.63255,0.6089052,0,True
syn-01163,5.54597,2.59400,0.8495854,0,True
syn-01164,12.87195,15.10487,0.6127264,0,True
syn-01165,20.56812,18.91817,0.4605760,0,True
syn-01166,49.78590,0.00000,0.7492843,1,True
syn-01167,13.28702,18.81736,0.5650901,0,True
syn-01168,27.88553,11.13507,0.7283916,0,True
syn-01169,65.32449,0.00000,0.3425446,1,True
syn-01170,32.34824,6.48855,0.7428703,0,True
syn-01171,129.68660,16.44873,0.5302533,1,True
syn-01172,14.77331,15.83167,0.7293010,0,True
syn-01173,63.18110,9.39972,0.6961501,1,True
syn-01174,25.17775,12.29703,0.3407314,0,True
syn-01175,43.72318,19.40787,0.2066615,0,True
syn-01176,18.69454,10.57498,0.5537251,0,True
syn-01177,55.03640,18.53003,0.6651365,0,True
syn-01178,14.25856,17.99452,0.8859515,0,True
syn-01179,40.92423,16.62136,0.5303941,0,True
syn-01180,29.25973,9.07281,0.9503479,1,True
syn-01181,21.19444,27.85682,0.5053252,0,True
syn-01182,77.43387,19.79603,0.4893868,0,True
syn-01183,20.44143,2.75484,0.6270423,0,True
syn-01184,63.28570,0.00000,0.7837890,1,True
syn-01185,47.86589,6.69206,0.3839743,0,True
syn-01186,58.29599,21.84683,0.8690720,1,True
syn-01187,54.18750,0.00000,0.3749144,0,True
syn-01188,23.44610,2.60816,0.3450326,1,True
syn-01189,42.24588,10.11078,0.5356373,1,True
syn-01190,52.02024,29.67114,0.6608276,1,True
syn-01191,92.84733,17.54755,0.8244478,1,True
syn-01192,19.48835,5.81610,0.5492966,0,True
syn-01193,14.93333,13.56140,0.6301894,0,True
syn-01194,8.01743,7.04800,0.6888526,0,True
syn-01195,73.30099,10.71077,0.6980968,1,True
syn-01196,44.04761,15.40493,0.3189527,0,True
syn-01197,93.19116,6.92798,0.4251244,0,True
syn-01198,43.89785,19.79619,0.9292029,1,True
syn-01199,9.70852,16.62043,0.5026320,0,True
syn-01200,67.08171,8.99457,0.6726418,1,True
syn-01201,25.30189,15.44664,0.5462600,0,True
syn-01202,62.29475,8.21921,0.8695145,1,True
syn-01203,33.34603,14.86635,0.8259516,0,True
syn-01204,6.70555,22.50860,0.3199973,0,True
syn-01205,7.19088,11.50210,0.6222497,0,True
syn-01206,9.67676,16.76070,0.2396138,0,True
syn-01207,23.53646,34.98844,0.5378070,0,True
syn-01208,29.28130,2.38140,0.3944043,1,True
syn-01209,28.67924,5.78264,0.6942487,1,True
syn-01210,76.31242,12.63080,0.3044400,1,True
syn-01211,62.56895,20.21850,0.9290119,1,True
syn-01212,140.00000,4.39965,0.5825263,1,True
syn-01213,39.13297,9.38562,0.9187836,1,True
syn-01214,16.38334,16.99762,0.5008404,0,True
syn-01215,110.20506,10.74465,0.5144230,1,True
syn-01216,34.44526,17.78061,0.7731147,1,True
syn-01217,44.27636,8.07143,0.8748571,1,True
syn-01218,41.52020,17.73294,0.1736948,0,True
syn-01219,11.67597,11.24082,0.3650548,0,True
syn-01220,16.92246,19.60602,0.5984979,0,True
syn-01221,42.64810,12.60454,0.8651057,1,True
syn-01222,101.75890,9.38876,0.6228717,1,True
syn-01223,19.67319,11.58045,0.2597605,0,True
syn-01224,58.37332,14.72558,0.9111326,0,True
syn-01225,38.13905,32.32794,0.8710310,0,True
syn-01226,17.42506,0.00000,0.4632377,1,True
syn-01227,34.82815,2.50099,0.6009753,1,True
syn-01228,53.91608,0.00000,0.5776294,0,True
syn-01229,34.17423,8.01185,0.7023021,0,True
syn-01230,17.27009,22.14086,0.3206966,0,True
syn-01231,69.36819,26.88788,0.1542086,0,True
syn-01232,96.44736,2.95180,0.4745428,1,True
syn-01233,32.55289,12.90692,0.7480282,0,True
syn-01234,124.55396,35.02665,0.2664036,1,True
syn-01235,31.91843,6.82387,0.7167877,1,True
syn-01236,24.71982,23.22549,0.5608242,0,True
syn-01237,13.19762,12.80188,0.4512996,0,True
syn-01238,26.94866,19.96981,0.6750296,0,True
syn-01239,51.68623,24.07796,0.3197691,0,True
syn-01240,19.96165,0.00000,0.3457963,0,True
syn-01241,77.47097,11.23099,0.7922846,1,True
syn-01242,33.02842,10.06420,0.2755763,0,True
syn-01243,12.00267,14.18469,0.3800555,0,True
syn-01244,30.96724,0.00000,0.4584653,0,True
syn-01245,32.49682,6.43559,0.6181414,0,True
syn-01246,2.03230,0.00000,0.3801048,0,True
syn-01247,62.70508,15.58815,0.4407495,0,True
syn-01248,17.26476,2.27738,0.2453166,0,True
syn-01249,31.22968,22.72595,0.2915387,0,True
syn-01250,42.11968,0.00000,0.5794868,0,True
syn-01251,32.54786,7.05925,0.3100454,0,True
syn-01252,12.97852,11.73787,0.8097959,0,True
syn-01253,16.26987,4.02605,0.7128041,0,True
syn-01254,47.67839,17.58859,0.1429595,0,True
syn-01255,51.08184,16.05103,0.6652773,0,True
syn-01256,29.92570,15.82700,0.4618689,0,True
syn-01257,49.36544,21.06524,0.4279595,0,True
syn-01258,115.74058,6.12382,0.8872229,1,True
syn-01259,44.64682,2.20699,0.7694900,0,True
syn-01260,38.28975,24.83072,0.6296340,0,True
syn-01261,90.98576,5.20129,0.7335808,1,True
syn-01262,32.77264,11.41836,0.5377862,1,True
syn-01263,42.31303,0.00000,0.3122038,1,True
syn-01264,25.69131,17.72010,0.7579158,0,True
syn-01265,82.34409,2.01630,0.3435819,1,True
syn-01266,96.63660,14.01818,0.6043973,1,True
syn-01267,25.33433,0.00000,0.5850900,1,True
syn-01268,119.91486,20.52660,0.3940530,1,True
syn-01269,0.48098,23.83757,0.8369671,0,True
syn-01270,27.54303,22.24903,0.5009964,0,True
syn-01271,57.74694,14.53087,0.6151778,1,True
syn-01272,5.43127,8.89155,0.4517210,0,True
syn-01273,49.42781,6.07238,0.3811561,1,True
syn-01274,10.92535,6.88676,0.2672043,0,True
syn-01275,21.16376,3.39893,0.5410678,0,True
syn-01276,94.50736,15.58734,0.9160180,1,True
syn-01277,24.90913,18.00331,0.4365593,0,True
syn-01278,18.92845,11.31482,0.7151036,0,True
syn-01279,30.64730,20.98745,0.8719467,0,True
syn-01280,43.31305,16.67929,0.7818277,1,True
syn-01281,62.16710,0.00000,0.3381453,1,True
syn-01282,43.04768,23.71070,0.5441028,0,True
syn-01283,15.00638,23.14552,0.5553795,0,True
syn-01284,17.39934,34.31807,0.7758757,0,True
syn-01285,9.23326,13.91084,0.2981593,0,True
syn-01286,43.59797,9.94524,0.6862941,0,True
syn-01287,23.46077,13.71224,0.5607253,0,True
syn-01288,14.36684,25.40964,0.4158965,0,True
syn-01289,66.86989,22.06742,0.6279332,0,True
syn-01290,126.40572,17.37488,0.5936351,1,True
syn-01291,47.45068,17.32396,0.4441327,0,True
syn-01292,58.70449,15.11745,0.4144020,1,True
syn-01293,57.05030,0.00000,0.7242314,1,True
syn-01294,43.22895,10.38224,0.4415220,0,True
syn-01295,5.73537,10.22450,0.7954948,0,True
syn-01296,63.78018,18.02328,0.4884808,1,True
syn-01297,2.18938,6.79964,0.7744880,0,True
syn-01298,36.49102,2.60668,0.8979054,1,True
syn-01299,36.95419,18.45795,0.2523595,1,True
syn-01300,35.74519,21.54547,0.1151032,0,True
syn-01301,43.89833,9.09503,0.7446917,1,True
syn-01302,10.83093,20.59166,0.4025055,0,True
syn-01303,87.09714,13.83091,0.7607859,0,True
syn-01304,55.64706,25.73037,0.3603840,0,True
syn-01305,39.73867,10.60512,0.4066743,0,True
syn-01306,27.86663,20.10236,0.6379731,0,True
syn-01307,90.75816,1.35724,0.3807328,1,True
syn-01308,25.78797,15.83465,0.2524322,0,True
syn-01309,19.89724,30.55409,0.8512219,0,True
syn-01310,46.81875,1.21625,0.6862379,0,True
syn-01311,35.13366,9.36708,0.3029367,1,True
syn-01312,140.00000,31.45071,0.2280369,1,True
syn-01313,24.12045,19.12622,0.6718890,1,True
syn-01314,71.73336,17.59185,0.5047653,0,True
syn-01315,34.48527,14.78757,0.4080383,0,True
syn-01316,8.00826,4.81699,0.6569895,1,True
syn-01317,22.19809,10.63326,0.8352275,1,True
syn-01318,61.56448,3.80345,0.8054507,1,True
syn-01319,18.90943,18.62740,0.7133616,0,True
syn-01320,60.80676,18.86620,0.8621355,1,True
syn-01321,58.52196,14.78358,0.4313310,0,True
syn-01322,11.53025,16.93006,0.1907639,0,True
syn-01323,37.45161,10.89825,0.6428468,1,True
syn-01324,5.94086,12.34607,0.7787355,0,True
syn-01325,8.62513,13.71560,0.8567355,0,True
syn-01326,76.26102,16.10111,0.5958531,1,True
syn-01327,54.19992,27.40100,0.4148483,0,True
syn-01328,32.53661,15.64379,0.7238120,0,True
syn-01329,44.57986,14.29824,0.6687770,0,True
syn-01330,14.23824,9.50511,0.8175341,0,True
syn-01331,50.17482,17.34581,0.6628491,1,True
syn-01332,42.14943,0.00000,0.3463835,0,True
syn-01333,69.14145,9.22542,0.5462341,0,True
syn-01334,11.77830,0.00000,0.5921084,1,True
syn-01335,76.11877,13.56340,0.2753721,1,True
syn-01336,74.28201,17.64256,0.4756683,0,True
syn-01337,12.17923,20.57660,0.2577753,0,True
syn-01338,44.48323,17.55425,0.1160897,0,True
syn-01339,43.54747,9.03159,0.4051501,0,True
syn-01340,37.29007,6.63870,0.6982003,1,True
syn-01341,34.48463,31.46686,0.2041278,0,True
syn-01342,33.58242,2.05144,0.7973809,1,True
syn-01343,140.00000,3.41460,0.8984411,1,True
syn-01344,18.91227,0.62968,0.5272585,0,True
syn-01345,10.92521,0.00000,0.4885336,1,True
syn-01346,45.13860,4.35211,0.2746854,1,True
syn-01347,39.52859,19.98784,0.3123912,0,True
syn-01348,32.47182,2.32484,0.7709871,0,True
syn-01349,47.35955,10.20644,0.4032845,0,True
syn-01350,56.54215,8.10281,0.8186381,0,True
syn-01351,54.15577,14.19930,0.1474678,1,True
syn-01352,67.84495,19.25406,0.1861025,1,True
syn-01353,64.98873,0.00000,0.7709917,1,True
syn-01354,9.72528,36.03453,0.5756626,0,True
syn-01355,48.52505,11.77280,0.6140791,0,True
syn-01356,21.13376,11.07234,0.5246004,0,True
syn-01357,26.21053,19.46227,0.9053280,1,True
syn-01358,28.23356,11.85827,0.5051894,1,True
syn-01359,25.46693,8.77538,0.4050069,0,True
syn-01360,13.35803,0.00000,0.8028634,1,True
syn-01361,54.50989,11.37151,0.9400442,1,True
syn-01362,21.06572,0.00000,0.6356666,0,True
syn-01363,41.13255,17.28283,0.6922262,0,True
syn-01364,17.82972,9.49049,0.1591636,0,True
syn-01365,68.02328,4.65765,0.6628265,1,True
syn-01366,28.85859,0.00000,0.5737783,1,True
syn-01367,93.86692,27.28461,0.3875962,1,True
syn-01368,25.72979,15.46879,0.8362734,0,True
syn-01369,34.33679,5.74099,0.1647464,0,True
syn-01370,32.90453,3.91560,0.3961885,0,True
syn-01371,63.69480,16.74706,0.5976540,0,True
syn-01372,12.53327,11.39676,0.5865636,0,True
syn-01373,70.94914,3.85242,0.4813313,0,True
syn-01374,92.74038,19.72406,0.2245229,0,True
syn-01375,125.13155,19.60359,0.3016676,1,True
syn-01376,15.95056,6.80679,0.6372505,0,True
syn-01377,40.62092,0.00000,0.7040610,0,True
syn-01378,20.43610,22.62482,0.6852429,0,True
syn-01379,40.08654,19.05149,0.5463943,0,True
syn-01380,100.03620,19.89113,0.1192324,0,True
syn-01381,38.60007,10.08280,0.5057948,0,True
syn-01382,33.22719,11.21202,0.5397189,0,True
syn-01383,41.78717,2.11072,0.3753652,0,True
syn-01384,21.42227,23.63366,0.6772295,0,True
syn-01385,10.17957,24.70399,0.7043386,0,True
syn-01386,54.94108,4.58698,0.7692854,1,True
syn-01387,116.38824,26.54859,0.3784457,0,True
syn-01388,10.10103,16.05128,0.8427746,1,True
syn-01389,77.11522,16.07441,0.2370843,0,True
syn-01390,28.06048,10.84829,0.2760790,0,True
syn-01391,52.81021,10.61415,0.2264923,0,True
syn-01392,69.37386,0.37245,0.8868303,1,True
syn-01393,14.03370,9.82081,0.6266211,0,True
syn-01394,112.50732,11.49105,0.9584424,1,True
syn-01395,35.26680,30.44037,0.3380205,0,True
syn-01396,37.95535,20.93566,0.9366747,1,True
syn-01397,46.34915,17.51697,0.6390427,0,True
syn-01398,30.13123,4.19250,0.5718793,0,True
syn-01399,13.02473,16.15620,0.4033356,0,True
syn-01400,34.96593,12.72215,0.2607636,0,True
syn-01401,79.16511,12.21836,0.6445470,1,True
syn-01402,41.02136,20.98651,0.7850159,0,True
syn-01403,40.43585,0.00000,0.7047679,1,True
syn-01404,54.71345,4.13632,0.8639441,1,True
syn-01405,19.84831,11.24711,0.6587584,0,True
syn-01406,53.51587,17.45691,0.3884292,0,True
syn-01407,7.12594,12.57504,0.3773082,0,True
syn-01408,64.13550,0.00000,0.2429070,1,True
syn-01409,28.42823,22.67139,0.6622565,0,True
syn-01410,83.87375,2.16290,0.7501453,1,True
syn-01411,13.06163,8.11795,0.8091654,1,True
syn-01412,14.32006,17.13173,0.8019201,0,True
syn-01413,55.71357,22.57111,0.7177664,1,True
syn-01414,131.09256,13.67730,0.3455346,1,True
syn-01415,43.80792,9.57996,0.8256018,1,True
syn-01416,32.33256,17.62303,0.5705185,0,True
syn-01417,31.90844,13.36925,0.2615285,0,True
syn-01418,36.60014,23.94982,0.4986689,0,True
syn-01419,80.26589,15.17449,0.6402317,1,True
syn-01420,36.36549,9.69883,0.6593373,0,True
syn-01421,58.99306,15.42800,0.6007751,0,True
syn-01422,59.09520,14.60863,0.7926174,1,True
syn-01423,137.00984,8.13332,0.6025627,1,True
syn-01424,10.84937,15.36252,0.6551377,0,True
syn-01425,25.37160,19.25653,0.8167475,0,True
syn-01426,24.58716,17.15667,0.6705627,0,True
syn-01427,27.89020,16.19641,0.5796450,1,True
syn-01428,46.86027,3.60317,0.6360034,0,True
syn-01429,58.81734,13.83265,0.5823674,0,True
syn-01430,52.75150,21.78341,0.3155558,0,True
syn-01431,60.31211,11.32928,0.5244510,1,True
syn-01432,43.75613,0.00000,0.5793086,1,True
syn-01433,23.60383,9.91185,0.5093001,1,True
syn-01434,29.55992,7.31760,0.1856696,0,True
syn-01435,21.69778,26.86693,0.8155175,1,True
syn-01436,25.33793,25.78007,0.8829682,0,True
syn-01437,66.12226,8.45307,0.3708463,1,True
syn-01438,23.05133,7.47009,0.8732066,0,True
syn-01439,38.50604,22.25057,0.4802508,0,True
syn-01440,23.62528,17.68916,0.8319000,1,True
syn-01441,19.05000,0.00000,0.0642323,0,True
syn-01442,44.62999,6.11355,0.5339637,0,True
syn-01443,30.61191,16.61082,0.7502191,1,True
syn-01444,37.53596,10.72980,0.4458418,0,True
syn-01445,17.84774,29.74870,0.6987354,0,True
syn-01446,37.03561,25.25956,0.9180156,1,True
syn-01447,38.72545,2.03003,0.4036978,1,True
syn-01448,33.23772,26.61217,0.8348746,0,True
syn-01449,140.00000,9.99084,0.5048956,1,True
syn-01450,10.16766,15.44273,0.4868016,0,True
syn-01451,28.88501,10.99882,0.8503969,1,True
syn-01452,68.07946,24.30620,0.7935350,0,True
syn-01453,69.61126,21.75863,0.3307256,0,True
syn-01454,140.00000,8.38222,0.6596504,0,True
syn-01455,116.01810,15.93637,0.4840330,1,True
syn-01456,14.19520,0.00000,0.8338357,0,True
syn-01457,30.40628,0.00000,0.3975455,0,True
syn-01458,80.49030,15.74076,0.9455408,1,True
syn-01459,26.56508,23.73669,0.0649019,0,True
syn-01460,48.05646,16.20183,0.9755886,0,True
syn-01461,34.88003,23.90676,0.6058999,0,True
syn-01462,63.31643,7.70139,0.9186532,1,True
syn-01463,57.82761,8.00989,0.3300898,0,True
syn-01464,49.85649,22.63955,0.5210630,0,True
syn-01465,76.40848,0.00000,0.5556903,1,True
syn-01466,66.98971,0.00000,0.3161380,0,True
syn-01467,55.57723,12.82836,0.2990974,0,True
syn-01468,32.38173,13.42069,0.5398601,0,True
syn-01469,72.20985,21.37779,0.2726761,0,True
syn-01470,49.00718,31.52159,0.7789542,0,True
syn-01471,39.36407,24.45683,0.6939614,0,True
syn-01472,24.68742,0.00000,0.7255264,1,True
syn-01473,16.70414,2.19259,0.7778472,1,True
syn-01474,18.69748,14.65148,0.6616127,0,True
syn-01475,15.09079,17.95434,0.3245895,0,True
syn-01476,26.20287,14.32004,0.8649395,0,True
syn-01477,32.92868,0.00000,0.2142617,0,True
syn-01478,27.40407,25.70393,0.8812845,0,True
syn-01479,76.80270,6.57200,0.1393923,1,True
syn-01480,14.04414,10.98500,0.3355742,0,True
syn-01481,113.43795,14.23735,0.3571702,0,True
syn-01482,68.06123,39.28575,0.5725366,1,True
syn-01483,60.91973,0.20115,0.8077384,1,True
syn-01484,42.95206,17.92507,0.7663698,1,True
syn-01485,42.49942,9.44270,0.6584162,1,True
syn-01486,40.17921,7.78754,0.6736839,0,True
syn-01487,97.07606,3.63590,0.7566670,1,True
syn-01488,32.89680,19.96544,0.7211516,0,True
syn-01489,11.84158,13.91146,0.1252080,0,True
syn-01490,46.90099,26.31294,0.6740955,0,True
syn-01491,20.52947,4.17967,0.6480834,1,True
syn-01492,21.76083,3.70032,0.6858741,1,True
syn-01493,63.34943,14.60861,0.5335744,1,True
syn-01494,9.67039,16.97914,0.3749872,0,True
syn-01495,33.54315,16.64721,0.8692733,0,True
syn-01496,23.52555,16.97656,0.3057612,0,True
syn-01497,36.04723,22.05138,0.7586432,0,True
syn-01498,107.77868,2.08700,0.6320254,1,True
syn-01499,140.00000,0.00000,0.4498371,1,True
syn-01500,45.69199,19.91632,0.7513164,0,True
syn-01501,26.00713,9.24095,0.6979851,0,True
syn-01502,33.25419,20.22643,0.7569498,0,True
syn-01503,66.76884,19.00997,0.5469694,0,True
syn-01504,77.26085,9.93050,0.6905689,0,True
syn-01505,21.70988,23.38530,0.5346195,0,True
syn-01506,76.94119,0.00000,0.6888760,1,True
syn-01507,35.67962,22.35446,0.7191882,0,True
syn-01508,31.31292,20.62098,0.5428137,0,True
syn-01509,48.17623,22.49952,0.8477440,1,True
syn-01510,32.10880,19.36153,0.9262466,0,True
syn-01511,34.16294,20.95523,0.8002176,0,True
syn-01512,9.72123,17.27024,0.5054002,0,True
syn-01513,12.32984,16.71627,0.6075735,0,True
syn-01514,44.35768,18.44250,0.7011209,1,True
syn-01515,140.00000,17.76355,0.8966344,1,True
syn-01516,34.51523,10.89968,0.1655239,0,True
syn-01517,31.61261,14.53177,0.5086013,0,True
syn-01518,23.00805,22.61527,0.7166217,0,True
syn-01519,54.91452,14.49382,0.5333306,0,True
syn-01520,41.96262,9.19092,0.7841249,0,True
syn-01521,31.84333,8.27561,0.6075199,0,True
syn-01522,13.79761,2.73554,0.3116752,0,True
syn-01523,32.01604,18.11582,0.6996955,1,True
syn-01524,51.49041,6.54379,0.6404274,1,True
syn-01525,24.25160,5.45806,0.6027052,0,True
syn-01526,23.90156,0.00000,0.5577717,1,True
syn-01527,22.85790,19.00646,0.4130301,0,True
syn-01528,42.65063,12.27405,0.8275235,1,True
syn-01529,20.49062,18.00696,0.4421995,0,True
syn-01530,7.61540,10.63602,0.4277381,0,True
syn-01531,51.28918,4.72890,0.5249223,1,True
syn-01532,8.35782,21.22340,0.6712584,0,True
syn-01533,6.92715,10.70678,0.4965830,0,True
syn-01534,13.07691,0.00000,0.7264872,0,True
syn-01535,14.50742,36.10659,0.2096103,0,True
syn-01536,14.17201,24.34173,0.2149047,0,True
syn-01537,25.49271,21.21760,0.6617067,0,True
syn-01538,42.53867,10.55015,0.4518355,0,True
syn-01539,2.93435,8.86852,0.5252302,0,True
syn-01540,31.56993,11.20511,0.6818689,0,True
syn-01541,11.56112,16.12275,0.7601620,0,True
syn-01542,6.03542,2.90866,0.8700566,0,True
syn-01543,13.88534,4.55934,0.7198608,0,True
syn-01544,45.74622,0.50622,0.8053493,0,True
syn-01545,99.65546,5.28299,0.2891577,1,True
syn-01546,11.99476,10.94007,0.3784853,0,True
syn-01547,30.29672,19.15212,0.7173417,0,True
syn-01548,40.14581,16.89966,0.8478109,1,True
syn-01549,20.61535,9.71089,0.7081098,0,True
syn-01550,4.69549,20.23365,0.6924743,0,True
syn-01551,49.78180,27.75812,0.6313480,0,True
syn-01552,64.46719,3.14459,0.7601603,1,True
syn-01553,92.61322,0.00000,0.8406695,1,True
syn-01554,29.80071,22.15747,0.3926318,0,True
syn-01555,23.88020,17.27285,0.8491153,1,True
syn-01556,29.64133,15.85312,0.8093830,0,True
syn-01557,48.46044,7.69139,0.6037760,1,True
syn-01558,101.81486,23.46358,0.5393779,0,True
syn-01559,47.54815,10.03931,0.7896842,0,True
syn-01560,15.24854,23.87436,0.6273873,0,True
syn-01561,14.17411,12.83534,0.8697680,1,True
syn-01562,101.56205,0.00000,0.6776235,1,True
syn-01563,10.15437,15.47286,0.8229279,1,True
syn-01564,2.76625,8.55887,0.6040153,0,True
syn-01565,26.92545,5.64227,0.8142125,1,True
syn-01566,10.48288,11.95124,0.7067505,0,True
syn-01567,18.28666,6.26540,0.3315097,0,True
syn-01568,19.17078,6.31187,0.5475090,0,True
syn-01569,78.07223,6.97374,0.8431220,1,True
syn-01570,35.84768,7.04352,0.9762976,1,True
syn-01571,43.25494,10.87151,0.7853266,1,True
syn-01572,38.61333,15.86029,0.9635389,0,True
syn-01573,58.99552,7.40110,0.2411410,1,True
syn-01574,2.72897,1.52915,0.7624121,0,True
syn-01575,16.98547,18.88271,0.5028956,0,True
syn-01576,33.90877,14.51969,0.5685388,1,True
syn-01577,47.71923,0.00000,0.4859736,0,True
syn-01578,43.29959,23.96307,0.6948363,0,True
syn-01579,14.61416,14.02263,0.7207406,0,True
syn-01580,58.12177,0.00000,0.9389239,1,True
syn-01581,12.68480,29.14628,0.3900177,0,True
syn-01582,17.67272,34.84312,0.7085928,0,True
syn-01583,27.45028,10.31476,0.5531833,0,True
syn-01584,37.04628,0.00000,0.7166681,1,True
syn-01585,19.56913,23.82304,0.6504325,0,True
syn-01586,35.12884,8.09163,0.8454230,1,True
syn-01587,27.97591,6.79333,0.7470856,0,True
syn-01588,37.20883,5.45257,0.8062794,1,True
syn-01589,39.11123,28.99944,0.6162149,0,True
syn-01590,39.68402,19.79063,0.6883661,0,True
syn-01591,7.40730,21.75695,0.7637429,0,True
syn-01592,3.03988,7.99924,0.6312541,0,True
syn-01593,12.53019,0.11865,0.5356466,0,True
syn-01594,22.67666,30.77388,0.2824935,0,True
syn-01595,34.31034,20.00733,0.3831147,0,True
syn-01596,44.52645,4.09276,0.6973937,1,True
syn-01597,48.59418,12.05365,0.7357702,0,True
syn-01598,79.01714,23.62700,0.8043174,1,True
syn-01599,23.82055,26.63278,0.2365695,0,True
syn-01600,54.26089,21.74161,0.7641513,1,True
syn-01601,24.44681,16.20313,0.4625767,0,True
syn-01602,65.23629,32.41190,0.7019501,0,True
syn-01603,15.66226,13.31371,0.8416592,0,True
syn-01604,12.77803,0.00000,0.8398560,0,True
syn-01605,51.82902,2.12573,0.4300281,1,True
syn-01606,27.00441,11.60250,0.5912554,0,True
syn-01607,6.71786,31.51153,0.3491110,0,True
syn-01608,74.70229,10.30597,0.5707069,0,True
syn-01609,49.07613,10.21502,0.2880588,0,True
syn-01610,21.44331,2.43378,0.2854422,0,True
syn-01611,9.46202,26.21795,0.2701375,0,True
syn-01612,73.03905,1.84523,0.9505051,1,True
syn-01613,74.88791,0.00000,0.6025571,1,True
syn-01614,64.22157,14.79434,0.6003563,0,True
syn-01615,63.15187,0.00000,0.5006356,1,True
syn-01616,62.24030,23.80710,0.7189597,1,True
syn-01617,28.72449,11.68141,0.7975894,1,True
syn-01618,16.76357,26.81100,0.6774619,0,True
syn-01619,30.53227,12.04083,0.5069366,1,True
syn-01620,63.89845,23.82058,0.2954547,0,True
syn-01621,37.17634,28.23841,0.5646650,1,True
syn-01622,56.82587,7.82580,0.5252680,0,True
syn-01623,119.69324,4.68327,0.6574598,1,True
syn-01624,88.78219,5.27416,0.5365822,1,True
syn-01625,10.09204,1.19779,0.4033311,0,True
syn-01626,38.08619,17.22491,0.4662882,0,True
syn-01627,39.43304,0.40219,0.8411582,1,True
syn-01628,47.90036,16.04696,0.6018469,1,True
syn-01629,91.80877,23.32585,0.8304762,0,True
syn-01630,4.23280,19.04228,0.8192797,0,True
syn-01631,80.33643,14.59094,0.7384372,1,True
syn-01632,28.13456,16.63542,0.7294929,1,True
syn-01633,7.85764,14.34250,0.6837428,1,True
syn-01634,9.57844,0.00000,0.7045745,0,True
syn-01635,20.81993,7.10232,0.3295124,0,True
syn-01636,36.90895,14.84497,0.7786164,0,True
syn-01637,35.48967,5.10617,0.7990988,0,True
syn-01638,46.92904,7.75795,0.6965092,0,True
syn-01639,60.09552,24.01899,0.4176989,0,True
syn-01640,12.68329,3.83393,0.4637921,0,True
syn-01641,38.30549,8.46210,0.6897218,1,True
syn-01642,77.26250,16.71393,0.7718781,1,True
syn-01643,14.44841,0.00000,0.3614151,0,True
syn-01644,19.15018,16.81368,0.4158694,0,True
syn-01645,7.93434,17.80682,0.6026413,0,True
syn-01646,13.71402,28.48452,0.3503830,0,True
syn-01647,8.19366,10.99762,0.7322474,0,True
syn-01648,48.88725,17.60751,0.7836805,1,True
syn-01649,73.69238,6.23059,0.5970316,1,True
syn-01650,37.64314,21.49338,0.6556308,0,True
syn-01651,62.16004,24.72312,0.2559559,0,True
syn-01652,99.37790,17.78459,0.7432360,1,True
syn-01653,33.09307,11.62719,0.7475151,0,True
syn-01654,81.41147,7.28912,0.5128705,0,True
syn-01655,34.45652,26.57525,0.9428983,0,True
syn-01656,61.44817,16.81672,0.4980679,0,True
syn-01657,20.17199,22.19901,0.9497098,0,True
syn-01658,56.77194,26.84803,0.2423796,0,True
syn-01659,23.20028,27.27999,0.6961001,0,True
syn-01660,33.76838,12.10373,0.8859667,1,True
syn-01661,69.08144,28.99220,0.4287902,0,True
syn-01662,39.74106,0.00000,0.7608063,1,True
syn-01663,56.02216,9.21458,0.1930816,0,True
syn-01664,6.83747,19.63109,0.1558145,0,True
syn-01665,15.25717,0.00000,0.6251697,0,True
syn-01666,36.13863,6.95164,0.5720100,1,True
syn-01667,120.11000,3.86921,0.3430712,1,True
syn-01668,14.69600,3.99643,0.2711328,0,True
syn-01669,20.64732,0.00000,0.2216430,1,True
syn-01670,32.46866,18.74877,0.5716462,0,True
syn-01671,23.13061,22.95909,0.6968391,0,True
syn-01672,44.98148,10.04523,0.8917543,0,True
syn-01673,3.64539,11.02906,0.6936485,0,True
syn-01674,30.41659,18.63169,0.6478279,0,True
syn-01675,37.97927,16.01443,0.2605861,0,True
syn-01676,4.41848,10.68041,0.8559656,0,True
syn-01677,13.47854,24.11578,0.5015833,0,True
syn-01678,8.37995,33.33095,0.4298189,0,True
syn-01679,18.32789,16.50475,0.7209580,0,True
syn-01680,48.90462,12.29375,0.9103864,1,True
syn-01681,67.41373,12.61379,0.7996368,0,True
syn-01682,50.03459,11.23453,0.8444691,1,True
syn-01683,77.27854,20.42892,0.5663478,0,True
syn-01684,66.87386,9.43974,0.3765309,0,True
syn-01685,34.93816,18.08936,0.8622196,0,True
syn-01686,30.04790,9.65153,0.3418656,0,True
syn-01687,24.40897,12.10567,0.5712067,0,True
syn-01688,96.76518,12.24004,0.6880972,1,True
syn-01689,29.95731,17.40058,0.6986870,0,True
syn-01690,21.60638,11.88748,0.8843122,1,True
syn-01691,22.18177,16.09129,0.5659505,0,True
syn-01692,29.77955,18.61457,0.9195986,0,True
syn-01693,44.60399,11.01364,0.3692448,0,True
syn-01694,24.35303,17.33337,0.2789205,0,True
syn-01695,24.85546,16.21505,0.5348549,0,True
syn-01696,38.66994,6.52310,0.5244927,0,True
syn-01697,7.26499,5.90502,0.7832608,0,True
syn-01698,140.00000,18.98063,0.8065082,1,True
syn-01699,3.95730,0.73646,0.8652156,0,True
syn-01700,21.42403,7.99609,0.6882296,0,True
syn-01701,114.40797,17.70773,0.6037357,1,True
syn-01702,27.33540,21.83749,0.4063713,0,True
syn-01703,52.39997,9.16418,0.8790036,1,True
syn-01704,39.01020,3.83863,0.7937835,1,True
syn-01705,37.00657,1.40963,0.8112198,1,True
syn-01706,29.30224,5.14228,0.7073790,1,True
syn-01707,62.75839,2.93990,0.9048245,1,True
syn-01708,17.81327,6.78212,0.1624362,0,True
syn-01709,35.59293,11.63358,0.3834412,0,True
syn-01710,17.33403,6.98318,0.8073307,0,True
syn-01711,52.49663,3.70559,0.2766847,1,True
syn-01712,18.60499,7.83124,0.6916106,0,True
syn-01713,100.05425,4.48980,0.5743836,1,True
syn-01714,23.14747,5.49297,0.6532720,0,True
syn-01715,63.31524,8.64039,0.6845329,1,True
syn-01716,34.51567,3.56194,0.3622242,1,True
syn-01717,105.02544,7.75154,0.1477917,1,True
syn-01718,40.69852,19.44165,0.2967315,0,True
syn-01719,63.08333,23.64151,0.6855646,1,True
syn-01720,130.88226,14.17334,0.4396531,1,True
syn-01721,51.75233,16.34231,0.5435227,0,True
syn-01722,140.00000,0.00000,0.7160103,1,True
syn-01723,24.86505,13.28872,0.4763752,0,True
syn-01724,11.43473,4.34524,0.3713372,0,True
syn-01725,29.93593,1.33986,0.4253771,0,True
syn-01726,69.03902,2.00809,0.5278888,1,True
syn-01727,13.06701,5.33954,0.7604959,0,True
syn-01728,96.03880,11.29578,0.2966021,1,True
syn-01729,7.68102,20.03246,0.7521045,0,True
syn-01730,7.00773,8.55149,0.5091369,0,True
syn-01731,18.81349,20.30352,0.4993271,0,True
syn-01732,64.09808,20.41791,0.6286187,1,True
syn-01733,34.13901,14.37406,0.5574436,1,True
syn-01734,6.21627,6.97473,0.6118512,0,True
syn-01735,8.91021,1.55193,0.6388740,0,True
syn-01736,57.81794,0.00000,0.3981718,1,True
syn-01737,38.43639,12.27079,0.8375201,0,True
syn-01738,22.71688,17.80600,0.3276186,0,True
syn-01739,9.39041,4.07843,0.8825845,1,True
syn-01740,61.23053,0.00000,0.8895602,1,True
syn-01741,22.06005,7.04835,0.7219638,1,True
syn-01742,59.67011,4.99981,0.8268863,1,True
syn-01743,19.21356,0.00000,0.4455465,0,True
syn-01744,7.75091,22.34337,0.8217957,1,True
syn-01745,11.05466,9.07597,0.7405077,0,True
syn-01746,19.46716,15.92282,0.7621095,0,True
syn-01747,57.67115,14.71589,0.7226462,0,True
syn-01748,57.22107,13.87513,0.2749240,0,True
syn-01749,36.41917,17.51526,0.8624191,1,True
syn-01750,31.52987,26.21309,0.6437240,0,True
syn-01751,21.53713,27.16182,0.8597062,0,True
syn-01752,50.32428,25.87222,0.5267699,0,True
syn-01753,62.25684,7.11612,0.5159879,0,True
syn-01754,82.21372,2.60997,0.5743134,1,True
syn-01755,28.64110,24.15031,0.7883742,0,True
syn-01756,40.86783,4.36298,0.2247695,0,True
syn-01757,54.10890,5.59815,0.7431225,1,True
syn-01758,68.06527,20.01173,0.7832729,0,True
syn-01759,12.18059,12.16478,0.6930056,0,True
syn-01760,2.81549,13.92567,0.2972907,0,True
syn-01761,75.14540,19.00645,0.3613720,0,True
syn-01762,32.61063,22.79561,0.7598976,0,True
syn-01763,59.37932,5.97795,0.8388866,1,True
syn-01764,11.06412,30.31072,0.6721183,0,True
syn-01765,109.89235,14.12968,0.6623169,1,True
syn-01766,57.57717,10.49103,0.7333981,1,True
syn-01767,7.27485,14.88476,0.7600897,0,True
syn-01768,23.25044,4.55644,0.4170488,0,True
syn-01769,75.29559,5.25888,0.8783436,1,True
syn-01770,17.25457,22.83852,0.6365974,0,True
syn-01771,25.96493,17.79481,0.1245585,0,True
syn-01772,25.78207,21.68690,0.6245989,0,True
syn-01773,31.70660,10.69359,0.5211288,0,True
syn-01774,51.05219,4.43303,0.5270291,1,True
syn-01775,67.13309,8.66925,0.7714607,1,True
syn-01776,87.78158,14.41368,0.0557669,0,True
syn-01777,106.05035,6.55210,0.7879186,1,True
syn-01778,24.48512,19.09334,0.7617499,0,True
syn-01779,45.57480,2.09530,0.4816233,0,True
syn-01780,36.42894,13.73522,0.7644747,0,True
syn-01781,17.76633,9.60003,0.8645353,0,True
syn-01782,20.43937,7.01052,0.6883833,0,True
syn-01783,37.85167,3.46203,0.5646337,0,True
syn-01784,26.89006,0.40333,0.6362639,1,True
syn-01785,45.40786,7.83157,0.6888774,0,True
syn-01786,10.51960,9.71221,0.3332804,0,True
syn-01787,28.38955,0.00000,0.7444078,0,True
syn-01788,60.61126,6.42931,0.3879714,1,True
syn-01789,25.38252,30.32974,0.1196032,0,True
syn-01790,31.31326,36.07775,0.6442351,0,True
syn-01791,11.64900,1.36932,0.6084940,1,True
syn-01792,72.59225,20.13736,0.7994506,1,True
syn-01793,81.76318,0.00000,0.6955756,1,True
syn-01794,18.34513,11.24051,0.1462756,0,True
syn-01795,15.31454,28.16037,0.5931088,0,True
syn-01796,59.70535,9.42676,0.9303108,1,True
syn-01797,14.91692,0.00000,0.7332665,1,True
syn-01798,40.89912,0.00000,0.3681824,0,True
syn-01799,18.98862,12.78538,0.5783110,0,True
syn-01800,66.92894,14.89173,0.7118105,0,True
syn-01801,12.18887,3.49302,0.6334340,0,True
syn-01802,27.09119,20.70049,0.5304090,1,True
syn-01803,76.40253,32.50469,0.8066992,0,True
syn-01804,103.98878,15.03591,0.5435932,1,True
syn-01805,32.98521,20.14473,0.3987774,0,True
syn-01806,49.98376,0.00000,0.7763657,0,True
syn-01807,21.57386,8.10502,0.5927959,1,True
syn-01808,58.32792,0.00000,0.6078817,1,True
syn-01809,17.82504,19.15166,0.2906375,0,True
syn-01810,49.54692,11.41919,0.1986979,0,True
syn-01811,46.08448,17.48290,0.5168192,0,True
syn-01812,18.42553,5.41348,0.9405096,1,True
syn-01813,64.15879,3.44009,0.3873580,0,True
syn-01814,24.12007,12.31438,0.5546923,0,True
syn-01815,21.26900,30.13828,0.3460535,0,True
syn-01816,34.43463,13.02206,0.6174165,0,True
syn-01817,15.75182,14.68199,0.4174036,0,True
syn-01818,26.15116,23.88235,0.9331936,1,True
syn-01819,19.86412,22.58615,0.5829000,1,True
syn-01820,8.83024,14.87856,0.6075290,0,True
syn-01821,39.25145,10.23831,0.4449299,0,True
syn-01822,74.95769,26.63430,0.7351139,1,True
syn-01823,48.70264,26.64487,0.5595637,0,True
syn-01824,45.52308,13.96089,0.7288419,1,True
syn-01825,10.11866,12.54002,0.9198254,0,True
syn-01826,9.66096,35.69891,0.6103637,0,True
syn-01827,32.89434,12.10793,0.8258539,1,True
syn-01828,10.38326,12.78998,0.4888711,0,True
syn-01829,51.26920,16.89702,0.5777705,0,True
syn-01830,14.30429,18.76753,0.2980436,0,True
syn-01831,47.24973,7.62277,0.6484454,1,True
syn-01832,37.64784,9.84226,0.5437784,0,True
syn-01833,53.06930,17.92782,0.4372677,0,True
syn-01834,43.53091,16.38251,0.9468191,1,True
syn-01835,35.47610,14.11675,0.3447483,0,True
syn-01836,23.58560,3.32376,0.6140776,0,True
syn-01837,84.07297,10.91937,0.5458226,0,True
syn-01838,25.11157,24.60120,0.8975788,1,True
syn-01839,51.30128,12.73413,0.2626216,0,True
syn-01840,16.21206,0.00000,0.7358062,0,True
syn-01841,67.91388,0.00000,0.5429617,1,True
syn-01842,30.15469,8.21201,0.4133341,0,True
syn-01843,54.06753,16.85314,0.4283686,0,True
syn-01844,3.94470,6.87603,0.3081195,0,True
syn-01845,23.72959,27.42782,0.1426556,0,True
syn-01846,2.91097,23.03317,0.6493561,0,True
syn-01847,3.05476,14.96808,0.1733951,0,True
syn-01848,14.83946,15.85796,0.9579609,0,True
syn-01849,22.34601,16.55444,0.8329418,0,True
syn-01850,38.34872,20.58869,0.6402500,0,True
syn-01851,46.48604,6.74442,0.2909463,0,True
syn-01852,22.19189,19.62040,0.5793220,1,True
syn-01853,35.62744,36.29634,0.5245235,0,True
syn-01854,27.91617,22.12437,0.6399127,0,True
syn-01855,36.16333,8.12420,0.6916721,0,True
syn-01856,7.45174,4.21086,0.2939578,0,True
syn-01857,21.63313,11.64428,0.6998232,0,True
syn-01858,57.35440,12.04848,0.8313112,1,True
syn-01859,37.62383,17.16398,0.7328305,0,True
syn-01860,5.01793,6.46741,0.2418265,0,True
syn-01861,31.17267,5.77142,0.6136948,0,True
syn-01862,75.78643,12.65790,0.6129603,1,True
syn-01863,28.68162,11.25375,0.6988805,0,True
syn-01864,12.76429,13.64147,0.2748980,0,True
syn-01865,16.06170,24.46042,0.4011754,0,True
syn-01866,64.56984,16.97341,0.7791466,1,True
syn-01867,65.02909,5.62072,0.6363913,0,True
syn-01868,5.63551,12.15093,0.1697269,0,True
syn-01869,20.09463,0.00000,0.4111984,0,True
syn-01870,12.07456,14.87645,0.7538123,0,True
syn-01871,81.28030,0.00000,0.5940848,1,True
syn-01872,42.11845,12.66086,0.6036403,0,True
syn-01873,29.32952,0.53347,0.5113372,1,True
syn-01874,33.63575,18.53243,0.5784891,0,True
syn-01875,76.51138,20.41008,0.2991783,1,True
syn-01876,62.33035,10.96683,0.7308499,1,True
syn-01877,62.69305,22.98508,0.3849134,0,True
syn-01878,14.70085,19.32271,0.3977781,0,True
syn-01879,26.84787,21.75657,0.2038900,0,True
syn-01880,32.39337,32.30162,0.3759688,0,True
syn-01881,6.36641,5.09041,0.7550396,1,True
syn-01882,69.51691,11.21144,0.7022958,0,True
syn-01883,38.40388,18.61677,0.5289980,1,True
syn-01884,41.52361,16.15154,0.4958880,0,True
syn-01885,38.63861,27.19414,0.5445281,0,True
syn-01886,44.76675,17.37982,0.3679984,0,True
syn-01887,82.94821,6.35410,0.5447707,1,True
syn-01888,80.08715,25.62631,0.1348213,1,True
syn-01889,12.17916,15.42609,0.2376802,0,True
syn-01890,78.64469,13.04440,0.8183461,1,True
syn-01891,29.76914,21.26274,0.8812207,0,True
syn-01892,12.40952,7.91210,0.5328676,0,True
syn-01893,28.65310,17.59023,0.6427431,0,True
syn-01894,12.56821,5.95973,0.9849268,1,True
syn-01895,29.72762,23.73532,0.6746226,0,True
syn-01896,52.87689,15.37908,0.7365174,1,True
syn-01897,36.87447,19.25730,0.8173239,0,True
syn-01898,56.06776,18.39881,0.6621327,0,True
syn-01899,43.48420,5.01215,0.0818130,0,True
syn-01900,42.14472,15.35957,0.7519634,0,True
syn-01901,46.79407,9.16012,0.7056559,0,True
syn-01902,34.39958,9.63092,0.4617358,0,True
syn-01903,26.67868,11.53332,0.6733686,0,True
syn-01904,37.21175,11.23102,0.9433790,0,True
syn-01905,51.10485,0.64790,0.8530419,1,True
syn-01906,20.24237,8.12958,0.4702951,0,True
syn-01907,58.30247,19.77080,0.7045158,1,True
syn-01908,12.53085,16.71074,0.4360220,0,True
syn-01909,20.15599,13.58468,0.7824675,0,True
syn-01910,25.28113,18.62333,0.5324392,0,True
syn-01911,16.21757,5.40503,0.6393626,0,True
syn-01912,81.09299,15.80161,0.5388520,1,True
syn-01913,22.46167,18.97640,0.9112215,0,True
syn-01914,67.31763,10.15716,0.6153290,1,True
syn-01915,9.94865,20.37320,0.1741669,0,True
syn-01916,18.99397,11.40653,0.1915274,0,True
syn-01917,109.80684,27.70820,0.3246950,1,True
syn-01918,46.76581,23.36432,0.6115322,0,True
syn-01919,90.04504,7.80759,0.3877573,1,True
syn-01920,66.26140,31.06239,0.7516510,0,True
syn-01921,35.95282,26.07823,0.8085661,1,True
syn-01922,43.50076,0.00000,0.7690207,1,True
syn-01923,33.09797,15.21081,0.3549755,0,True
syn-01924,118.96275,6.38468,0.1809304,0,True
syn-01925,28.76108,20.25981,0.4811710,0,True
syn-01926,27.71178,10.84025,0.7254230,0,True
syn-01927,28.52049,13.96377,0.3648885,0,True
syn-01928,15.35440,25.06939,0.0444273,0,True
syn-01929,61.81048,7.84384,0.3368454,0,True
syn-01930,53.97043,10.73865,0.7256340,0,True
syn-01931,37.95939,11.51272,0.3326784,0,True
syn-01932,102.49638,15.60582,0.9561659,1,True
syn-01933,140.00000,5.52729,0.0666069,1,True
syn-01934,49.64985,11.91677,0.5503510,0,True
syn-01935,114.46600,1.03290,0.2414217,1,True
syn-01936,16.33381,14.97286,0.7924671,0,True
syn-01937,10.33469,11.05935,0.7848635,0,True
syn-01938,26.15324,0.00000,0.8728477,1,True
syn-01939,29.23949,13.11693,0.7023546,1,True
syn-01940,22.39997,9.26094,0.3573060,0,True
syn-01941,18.44347,13.73306,0.6634636,0,True
syn-01942,37.70578,16.12700,0.9062049,0,True
syn-01943,4.89191,11.08535,0.6610138,0,True
syn-01944,9.86636,7.48183,0.5831259,0,True
syn-01945,17.16059,4.51860,0.4198247,0,True
syn-01946,10.25177,0.00000,0.7309826,1,True
syn-01947,62.06030,13.11737,0.8575640,1,True
syn-01948,107.07336,26.14654,0.3930078,1,True
syn-01949,45.31824,17.06293,0.9495164,1,True
syn-01950,13.15352,11.73339,0.6850951,0,True
syn-01951,14.83608,15.62644,0.7279191,0,True
syn-01952,5.33407,24.71465,0.4316879,0,True
syn-01953,14.61157,10.24524,0.7770686,0,True
syn-01954,1.70382,5.07725,0.6415820,0,True
syn-01955,3.89305,8.34848,0.3468470,0,True
syn-01956,11.37976,0.00000,0.2382289,0,True
syn-01957,17.77915,0.00000,0.4183720,0,True
syn-01958,5.23201,31.35014,0.5861202,0,True
syn-01959,47.03481,6.26458,0.7098680,1,True
syn-01960,29.20621,25.72781,0.8262029,0,True
syn-01961,15.13565,19.85986,0.2359264,0,True
syn-01962,2.98988,17.08742,0.8223884,0,True
syn-01963,76.24428,16.37816,0.8775879,1,True
syn-01964,10.18908,4.92565,0.2469217,0,True
syn-01965,45.49485,13.82257,0.7854320,1,True
syn-01966,18.20213,11.39814,0.8724430,0,True
syn-01967,10.59506,12.95929,0.4470059,0,True
syn-01968,47.07080,16.23192,0.7101748,0,True
syn-01969,14.84965,22.09880,0.2690291,0,True
syn-01970,77.30143,23.65883,0.4458885,1,True
syn-01971,3.63760,5.50817,0.2899711,0,True
syn-01972,15.32358,7.89631,0.6836585,0,True
syn-01973,53.19588,25.71787,0.2490050,1,True
syn-01974,40.75496,12.25415,0.7034549,1,True
syn-01975,30.63598,19.54060,0.7698301,0,True
syn-01976,109.33017,20.79796,0.7368048,1,True
syn-01977,59.01866,17.02582,0.5442471,0,True
syn-01978,49.15063,19.90468,0.6407463,1,True
syn-01979,31.40992,2.93125,0.5144974,1,True
syn-01980,19.15522,12.50014,0.3740854,0,True
syn-01981,53.17202,0.00000,0.5975505,1,True
syn-01982,33.22612,34.08373,0.5238168,0,True
syn-01983,51.10328,0.18975,0.4863306,0,True
syn-01984,35.17897,22.22886,0.5121502,0,True
syn-01985,4.41709,20.27162,0.8615302,1,True
syn-01986,27.95697,11.94360,0.8018387,0,True
syn-01987,10.74018,11.62004,0.7367084,0,True
syn-01988,1.80804,4.29576,0.6326044,0,True
syn-01989,36.16620,0.00000,0.3474704,1,True
syn-01990,26.54923,8.43517,0.6189687,0,True
syn-01991,7.00499,1.09409,0.4255148,1,True
syn-01992,6.64136,17.46904,0.6502593,0,True
syn-01993,9.92923,0.00000,0.8318444,0,True
syn-01994,33.39357,24.87482,0.2388481,0,True
syn-01995,23.00992,26.75578,0.5387831,0,True
syn-01996,56.52652,4.35087,0.3320421,0,True
syn-01997,22.01339,17.28297,0.3272301,0,True
syn-01998,99.50780,11.90770,0.9339851,1,True
syn-01999,26.20530,8.45175,0.4337710,0,True
syn-02000,60.11944,6.01808,0.2938754,0,True
syn-02001,42.42550,14.03183,0.5243116,0,True
syn-02002,45.27844,11.70715,0.6560760,0,True
syn-02003,82.52836,25.37214,0.6812553,1,True
syn-02004,44.80578,13.91717,0.7205653,1,True
syn-02005,41.75133,29.65566,0.5968527,0,True
syn-02006,21.68854,9.82298,0.7533362,1,True
syn-02007,35.56367,33.20493,0.3453178,0,True
syn-02008,23.99244,17.91131,0.7457628,0,True
syn-02009,14.31588,18.91209,0.7016950,0,True
syn-02010,23.28239,11.22773,0.6034711,0,True
syn-02011,49.46038,9.52238,0.5033843,0,True
syn-02012,44.21227,21.21458,0.7177535,1,True
syn-02013,52.54883,9.26618,0.4766708,1,True
syn-02014,38.62978,23.15507,0.4989583,0,True
syn-02015,45.13738,5.40387,0.9516557,1,True
syn-02016,22.01161,15.07191,0.6161984,0,True
syn-02017,18.95976,18.86255,0.5163994,0,True
syn-02018,41.75548,10.28731,0.4507933,1,True
syn-02019,18.69260,17.07141,0.1866803,0,True
syn-02020,54.20253,16.94195,0.7784752,0,True
syn-02021,62.27779,22.23147,0.6695371,1,True
syn-02022,12.64753,0.00000,0.8375729,1,True
syn-02023,61.40077,22.81522,0.8328195,0,True
syn-02024,36.68165,22.29393,0.8238394,1,True
syn-02025,78.38496,12.66486,0.3221549,1,True
syn-02026,98.96752,19.91214,0.4565175,1,True
syn-02027,33.05003,0.00000,0.7516362,1,True
syn-02028,39.96463,8.59839,0.6233916,1,True
syn-02029,32.44674,1.65495,0.6737381,1,True
syn-02030,71.19921,15.33582,0.7881237,1,True
syn-02031,78.93884,36.61644,0.4638457,0,True
syn-02032,57.70010,9.53941,0.8167019,1,True
syn-02033,36.00228,1.67674,0.1782968,0,True
syn-02034,43.71643,10.05257,0.9060992,1,True
syn-02035,39.89344,10.40020,0.7496930,0,True
syn-02036,29.83583,0.00000,0.8997168,1,True
syn-02037,18.20916,0.00000,0.6829627,0,True
syn-02038,24.73867,40.09348,0.9255040,0,True
syn-02039,43.38170,9.96994,0.2133067,0,True
syn-02040,14.31106,5.23578,0.0943726,0,True
syn-02041,64.08411,21.25264,0.2100785,1,True
syn-02042,46.93830,19.44198,0.4240758,0,True
syn-02043,67.99731,0.00000,0.7415751,1,True
syn-02044,15.45665,3.38414,0.8753940,0,True
syn-02045,29.06726,15.54268,0.7112489,0,True
syn-02046,24.95086,1.68311,0.7232348,1,True
syn-02047,48.73180,0.00000,0.4815759,1,True
syn-02048,51.15470,7.93288,0.6575291,1,True
syn-02049,36.89711,8.60551,0.1244252,1,True
syn-02050,7.36320,27.56817,0.4221492,0,True
syn-02051,48.01789,17.65924,0.2059806,0,True
syn-02052,27.03231,0.00000,0.6444855,0,True
syn-02053,66.63090,14.16856,0.6304854,1,True
syn-02054,23.47257,16.65536,0.5261124,0,True
syn-02055,38.76731,19.66713,0.6219067,0,True
syn-02056,40.54195,8.20022,0.1229597,0,True
syn-02057,43.65895,24.17571,0.5493734,0,True
syn-02058,58.88253,0.00000,0.8608519,1,True
syn-02059,22.45724,20.06752,0.5380623,0,True
syn-02060,58.37535,6.40645,0.0911217,1,True
syn-02061,82.39478,29.98832,0.6317207,1,True
syn-02062,131.83853,22.43576,0.6883921,1,True
syn-02063,12.63106,9.47507,0.6807317,0,True
syn-02064,35.63147,7.99627,0.3876542,0,True
syn-02065,6.26624,15.62204,0.5722561,0,True
syn-02066,29.22193,14.20290,0.6952388,0,True
syn-02067,30.60445,6.47654,0.5283039,0,True
syn-02068,38.30346,0.09788,0.4113437,1,True
syn-02069,48.98505,17.53622,0.5287531,1,True
syn-02070,48.94885,6.19468,0.7672729,1,True
syn-02071,85.97020,9.35644,0.6818019,1,True
syn-02072,40.08780,23.14422,0.8304398,1,True
syn-02073,19.13704,11.69039,0.5665216,0,True
syn-02074,19.48414,4.53564,0.5063388,0,True
syn-02075,18.42564,7.40790,0.4868439,0,True
syn-02076,5.00178,14.31411,0.9236544,0,True
syn-02077,140.00000,22.53793,0.6092982,1,True
syn-02078,22.86139,10.15730,0.5570915,0,True
syn-02079,57.44006,28.76980,0.3644077,0,True
syn-02080,25.87978,30.49859,0.7013681,0,True
syn-02081,12.14814,15.08190,0.4609332,0,True
syn-02082,34.15173,7.83480,0.3853619,0,True
syn-02083,55.42373,6.68167,0.2777428,0,True
syn-02084,14.64981,24.79089,0.5924872,0,True
syn-02085,31.19494,2.81203,0.7926694,1,True
syn-02086,50.20328,22.43237,0.1951384,1,True
syn-02087,21.12561,14.01325,0.5441747,0,True
syn-02088,58.60347,31.54816,0.6631988,0,True
syn-02089,114.87406,11.71391,0.5199084,1,True
syn-02090,14.90770,25.06727,0.4940550,0,True
syn-02091,46.29843,17.78292,0.2033662,0,True
syn-02092,63.40569,13.52153,0.9055952,1,True
syn-02093,32.82983,9.60936,0.8117409,0,True
syn-02094,119.31637,17.13506,0.4127373,1,True
syn-02095,20.47895,0.00000,0.7867989,0,True
syn-02096,51.68252,23.25130,0.6779740,0,True
syn-02097,28.51737,7.59495,0.2075878,0,True
syn-02098,67.13382,22.30651,0.7022605,1,True
syn-02099,35.11997,11.63687,0.2799310,1,True
syn-02100,12.61478,10.81647,0.4792859,0,True
syn-02101,55.09560,16.86283,0.4120345,0,True
syn-02102,77.41957,11.69851,0.3414406,1,True
syn-02103,22.15975,9.44238,0.2886939,0,True
syn-02104,21.52063,9.34169,0.4062959,0,True
syn-02105,24.73923,8.58329,0.6308740,0,True
syn-02106,23.30305,13.99830,0.7268633,0,True
syn-02107,24.03860,15.28918,0.2486668,0,True
syn-02108,65.88123,11.52960,0.1955913,0,True
syn-02109,49.98836,16.21920,0.5331190,0,True
syn-02110,31.36539,20.21473,0.2811697,0,True
syn-02111,4.93204,20.58636,0.6606900,0,True
syn-02112,8.40282,17.69785,0.3802900,0,True
syn-02113,36.22958,10.53797,0.7852467,1,True
syn-02114,11.17250,18.14875,0.8855451,0,True
syn-02115,89.76469,18.84646,0.6583480,1,True
syn-02116,57.00146,7.71500,0.5942195,1,True
syn-02117,72.98754,5.40259,0.5915983,1,True
syn-02118,59.74051,20.84655,0.5194013,1,True
syn-02119,64.79983,13.61222,0.5748909,0,True
syn-02120,10.76873,12.87130,0.7714639,1,True
syn-02121,27.30833,24.33438,0.5553274,0,True
syn-02122,78.32186,2.40913,0.9411311,1,True
syn-02123,57.42876,14.12499,0.9601110,1,True
syn-02124,54.55985,15.41431,0.1769828,0,True
syn-02125,19.75325,20.35735,0.5492769,0,True
syn-02126,46.14812,13.79471,0.7697605,0,True
syn-02127,26.67392,18.25486,0.8325822,0,True
syn-02128,21.70402,16.78023,0.8303115,0,True
syn-02129,72.08426,15.11104,0.3709031,0,True
syn-02130,32.28538,5.58758,0.4603526,0,True
syn-02131,65.43934,0.45796,0.5697424,1,True
syn-02132,36.36459,0.00000,0.5929741,1,True
syn-02133,28.86497,1.10152,0.8257396,1,True
syn-02134,34.24363,22.05525,0.4318236,0,True
syn-02135,30.93366,14.99526,0.3289672,0,True
syn-02136,36.89491,15.10410,0.3846669,0,True
syn-02137,41.53726,0.00000,0.8604518,1,True
syn-02138,35.69145,9.72939,0.8414139,0,True
syn-02139,14.26715,14.61763,0.6910385,0,True
syn-02140,24.07912,0.00000,0.9565895,1,True
syn-02141,30.62303,14.81159,0.8062012,1,True
syn-02142,100.93650,13.23963,0.4108264,1,True
syn-02143,8.54736,13.23436,0.2691778,0,True
syn-02144,10.74404,16.12299,0.5724640,0,True
syn-02145,31.52107,22.07832,0.3244889,0,True
syn-02146,99.73590,9.21584,0.4466763,1,True
syn-02147,8.71698,10.00530,0.4791492,1,True
syn-02148,57.09106,13.22953,0.5983490,1,True
syn-02149,42.44159,3.59812,0.7356396,0,True
syn-02150,69.29042,17.80094,0.7003114,1,True
syn-02151,8.14507,14.21929,0.8103119,0,True
syn-02152,44.37763,0.00000,0.9752588,1,True
syn-02153,23.44135,2.88009,0.7316402,0,True
syn-02154,24.09541,25.92907,0.7418680,0,True
syn-02155,17.28721,0.00000,0.1628606,0,True
syn-02156,54.49818,20.09278,0.2568345,1,True
syn-02157,85.45747,19.76146,0.4648850,1,True
syn-02158,59.53324,6.75818,0.6866828,0,True
syn-02159,68.88791,5.22371,0.4858020,1,True
syn-02160,15.81142,14.51188,0.4423161,0,True
syn-02161,115.38565,19.54062,0.5614104,1,True
syn-02162,40.98143,21.76866,0.9413053,0,True
syn-02163,98.09545,25.46864,0.1206430,0,True
syn-02164,23.37605,17.35180,0.4805633,0,True
syn-02165,37.74518,14.63173,0.4585944,0,True
syn-02166,57.16945,16.34194,0.3169430,0,True
syn-02167,47.40310,33.74469,0.3410504,1,True
syn-02168,28.37096,17.27139,0.9219859,0,True
syn-02169,42.01199,6.35352,0.4585201,0,True
syn-02170,42.79583,28.29527,0.7555805,0,True
syn-02171,13.24854,4.12290,0.6514845,1,True
syn-02172,26.33905,13.27587,0.6643707,0,True
syn-02173,72.40261,3.17600,0.5109966,1,True
syn-02174,63.90611,5.69606,0.2343094,0,True
syn-02175,12.60677,12.44594,0.6945601,0,True
syn-02176,54.80206,16.35974,0.5696239,1,True
syn-02177,26.58482,18.11128,0.1411477,0,True
syn-02178,20.02829,28.13712,0.8155550,0,True
syn-02179,41.57726,10.53452,0.4993665,0,True
syn-02180,134.75905,19.28495,0.5973432,1,True
syn-02181,64.88381,12.30918,0.4240635,0,True
syn-02182,27.80787,15.17389,0.9545061,0,True
syn-02183,23.55034,2.14374,0.4157578,1,True
syn-02184,2.86724,22.35227,0.4911229,0,True
syn-02185,24.90057,0.00000,0.5543778,0,True
syn-02186,140.00000,17.69096,0.8925891,1,True
syn-02187,17.11984,17.07017,0.4500551,0,True
syn-02188,36.79981,0.00000,0.5481486,0,True
syn-02189,10.21315,13.21247,0.5360066,0,True
syn-02190,88.66658,7.82415,0.6054171,1,True
syn-02191,37.85352,15.66531,0.6064110,0,True
syn-02192,34.92999,20.91565,0.6326581,0,True
syn-02193,52.92047,1.14688,0.7969899,1,True
syn-02194,87.49641,2.40939,0.3914519,0,True
syn-02195,28.41422,11.06318,0.1834197,0,True
syn-02196,36.18923,6.25330,0.6463688,0,True
syn-02197,22.46021,11.39606,0.6901746,0,True
syn-02198,33.21989,11.88696,0.4381638,0,True
syn-02199,100.69147,15.98722,0.6255897,1,True
syn-02200,21.09471,7.02018,0.4335247,0,True
syn-02201,9.12998,15.40165,0.5330743,0,True
syn-02202,62.67895,22.69406,0.7113014,1,True
syn-02203,8.50149,24.33923,0.3718769,0,True
syn-02204,88.21969,15.78857,0.2389955,1,True
syn-02205,26.26622,10.54726,0.8159220,1,True
syn-02206,54.71004,8.37691,0.5114478,1,True
syn-02207,106.92466,6.88074,0.5753215,1,True
syn-02208,13.89139,19.09273,0.8239426,1,True
syn-02209,83.83717,14.28800,0.2862612,0,True
syn-02210,12.08837,9.02913,0.6280769,0,True
syn-02211,27.58792,5.85528,0.5225326,1,True
syn-02212,19.31877,15.10303,0.6148058,0,True
syn-02213,21.44803,12.49212,0.4952185,0,True
syn-02214,92.88485,7.65066,0.6839054,1,True
syn-02215,29.99498,2.39801,0.3628969,0,True
syn-02216,3.00793,19.74946,0.6041483,0,True
syn-02217,87.89357,21.06592,0.5515483,1,True
syn-02218,98.17091,10.05542,0.4823050,1,True
syn-02219,66.03180,15.07267,0.3067919,1,True
syn-02220,85.42658,33.29149,0.6833269,1,True
syn-02221,64.83878,18.45310,0.6255848,0,True
syn-02222,3.19692,18.81293,0.7575402,0,True
syn-02223,71.72527,21.13888,0.7060865,1,True
syn-02224,60.47219,29.47718,0.5229847,0,True
syn-02225,15.42765,29.67994,0.4478373,0,True
syn-02226,60.87473,15.27271,0.4642550,0,True
syn-02227,21.77974,0.00000,0.5732130,0,True
syn-02228,64.89065,9.41674,0.4674686,1,True
syn-02229,45.75586,10.19298,0.8263516,1,True
syn-02230,72.85749,15.92184,0.6765874,0,True
syn-02231,28.12968,25.18736,0.5637028,0,True
syn-02232,17.03473,5.63098,0.5308599,0,True
syn-02233,56.76256,32.41751,0.4457437,0,True
syn-02234,37.05518,17.09972,0.2480852,1,True
syn-02235,37.36674,16.78910,0.7624809,0,True
syn-02236,67.89794,0.00000,0.8167300,0,True
syn-02237,13.63293,1.81853,0.2536548,0,True
syn-02238,57.39737,13.68095,0.6161709,1,True
syn-02239,26.95871,0.00000,0.8203076,1,True
syn-02240,15.36885,18.97824,0.4173581,0,True
syn-02241,15.09845,14.92471,0.6066558,1,True
syn-02242,99.54699,22.65103,0.8895767,1,True
syn-02243,72.76826,11.55570,0.5974763,0,True
syn-02244,94.15916,2.82108,0.2551595,1,True
syn-02245,26.13527,9.38267,0.7969235,0,True
syn-02246,100.45077,9.80323,0.4143139,1,True
syn-02247,64.41138,13.66998,0.5718555,0,True
syn-02248,45.44282,30.01855,0.5611603,1,True
syn-02249,27.37691,27.90896,0.7637821,0,True
syn-02250,33.95147,5.09529,0.7842262,1,True
syn-02251,11.92888,14.06240,0.4068645,0,True
syn-02252,37.11147,20.39422,0.7300412,1,True
syn-02253,19.51492,0.77754,0.7158492,0,True
syn-02254,21.92774,5.39949,0.5733848,0,True
syn-02255,37.06183,11.37591,0.4276879,0,True
syn-02256,11.27321,21.45003,0.8834354,0,True
syn-02257,67.77644,13.16426,0.6585587,1,True
syn-02258,17.16027,4.14108,0.6651965,0,True
syn-02259,72.62799,0.00000,0.4854451,1,True
syn-02260,21.72272,24.10600,0.5318361,0,True
syn-02261,43.22484,12.23109,0.9006212,1,True
syn-02262,23.92059,0.00000,0.7296190,1,True
syn-02263,60.64052,3.79861,0.6421079,1,True
syn-02264,20.63388,19.94467,0.4368868,0,True
syn-02265,51.99788,20.36009,0.6862631,0,True
syn-02266,67.91790,26.47735,0.8892256,1,True
syn-02267,13.21674,0.00000,0.5190826,1,True
syn-02268,6.28533,1.83579,0.4650886,0,True
syn-02269,49.82505,15.46188,0.5209382,0,True
syn-02270,37.47755,14.12111,0.5013251,0,True
syn-02271,140.00000,0.00000,0.4754255,1,True
syn-02272,37.47451,0.00000,0.5255427,1,True
syn-02273,63.08490,20.29042,0.6067052,1,True
syn-02274,26.00679,7.34475,0.6280136,0,True
syn-02275,27.35202,15.39359,0.3829676,0,True
syn-02276,36.00285,19.03223,0.4945015,1,True
syn-02277,39.06546,19.79533,0.3927868,1,True
syn-02278,39.60804,25.14008,0.6973212,0,True
syn-02279,29.74803,5.34596,0.7453120,0,True
syn-02280,9.82534,24.84400,0.3336682,0,True
syn-02281,10.19033,23.45072,0.4878549,0,True
syn-02282,44.40303,19.62064,0.3899113,0,True
syn-02283,22.33782,13.68404,0.7642326,0,True
syn-02284,29.88181,3.67893,0.7788818,1,True
syn-02285,50.42797,0.00000,0.4219499,1,True
syn-02286,57.15200,4.59210,0.6135074,0,True
syn-02287,61.80313,15.90059,0.6174356,0,True
syn-02288,4.36916,12.49894,0.5015765,0,True
syn-02289,48.42804,12.66147,0.8737636,1,True
syn-02290,20.92440,22.34088,0.3365652,1,True
syn-02291,105.68452,32.74203,0.8904549,1,True
syn-02292,17.00893,0.00000,0.7851982,1,True
syn-02293,63.60760,3.67857,0.6021931,1,True
syn-02294,51.92328,0.00000,0.8073840,1,True
syn-02295,30.80752,16.00650,0.6109434,0,True
syn-02296,50.77369,15.00531,0.4441564,0,True
syn-02297,5.11284,21.63174,0.5075954,0,True
syn-02298,16.64516,0.00000,0.5756658,0,True
syn-02299,97.36427,25.34538,0.5834804,1,True
syn-02300,12.64224,18.64170,0.1978371,0,True
syn-02301,51.39444,7.68778,0.9647143,1,True
syn-02302,85.48956,6.09776,0.3841409,1,True
syn-02303,62.47088,22.49587,0.3066735,1,True
syn-02304,15.53968,14.29385,0.6925455,0,True
syn-02305,54.45144,11.86802,0.4396505,0,True
syn-02306,51.71788,22.79518,0.7187878,0,True
syn-02307,53.77088,23.49834,0.5920809,1,True
syn-02308,50.08143,3.86447,0.6851064,1,True
syn-02309,24.06592,20.69019,0.6466166,0,True
syn-02310,21.97628,23.19615,0.8983053,1,True
syn-02311,54.08810,41.73947,0.3647282,0,True
syn-02312,13.00460,23.27701,0.4939040,0,True
syn-02313,24.02977,28.73264,0.9599290,0,True
syn-02314,38.74790,8.30707,0.7729026,1,True
syn-02315,73.61226,12.81161,0.4899280,1,True
syn-02316,47.71804,2.44835,0.4668011,1,True
syn-02317,36.40972,21.98691,0.7344436,0,True
syn-02318,20.50717,7.53890,0.5208341,0,True
syn-02319,67.80666,3.76188,0.9107006,1,True
syn-02320,17.00284,5.08460,0.5642495,0,True
syn-02321,26.73201,12.65677,0.2302813,0,True
syn-02322,7.29798,17.77147,0.5522788,0,True
syn-02323,125.82157,17.86199,0.5853222,1,True
syn-02324,21.81936,16.42019,0.4678626,0,True
syn-02325,3.42148,20.92392,0.4558567,0,True
syn-02326,51.42697,0.00000,0.6929802,1,True
syn-02327,26.45742,0.91881,0.1460038,0,True
syn-02328,28.62176,35.62955,0.5452868,0,True
syn-02329,35.81491,8.79457,0.5219821,1,True
syn-02330,16.66834,13.54243,0.8572701,0,True
syn-02331,23.55719,24.00125,0.9260971,1,True
syn-02332,52.24681,4.50590,0.5457577,1,True
syn-02333,43.07974,26.52965,0.3535780,0,True
syn-02334,39.02367,0.00000,0.9482818,0,True
syn-02335,74.86972,14.74212,0.9313764,1,True
syn-02336,106.93036,14.97004,0.8558407,1,True
syn-02337,10.69432,13.06896,0.2770421,0,True
syn-02338,8.95549,7.62175,0.6859108,0,True
syn-02339,3.90332,0.00000,0.7941432,0,True
syn-02340,113.90321,17.76363,0.6551480,1,True
syn-02341,75.16294,0.00000,0.4637213,1,True
syn-02342,42.58656,4.28401,0.9057723,1,True
syn-02343,25.81634,9.25353,0.7623996,0,True
syn-02344,68.14265,18.51257,0.4445856,1,True
syn-02345,24.46263,8.53139,0.5831633,0,True
syn-02346,32.54159,17.64209,0.6992759,0,True
syn-02347,29.59636,21.14779,0.8835346,1,True
syn-02348,112.43289,16.10991,0.7312672,1,True
syn-02349,33.06734,9.50948,0.8696962,0,True
syn-02350,63.02846,23.05586,0.5097740,0,True
syn-02351,30.58055,24.68386,0.8080586,0,True
syn-02352,46.21514,5.56567,0.8658941,1,True
syn-02353,11.41974,4.56656,0.7165989,1,True
syn-02354,99.33743,10.38829,0.7742170,1,True
syn-02355,19.99403,15.02220,0.3169023,0,True
syn-02356,8.22853,7.37789,0.7575395,1,True
syn-02357,33.16043,25.62195,0.7559668,0,True
syn-02358,8.72232,12.50900,0.5898862,0,True
syn-02359,20.08863,8.41538,0.7780073,1,True
syn-02360,10.15157,8.31223,0.1893211,0,True
syn-02361,47.15553,15.24568,0.6001425,1,True
syn-02362,19.22480,15.80491,0.4036984,1,True
syn-02363,7.76018,7.01322,0.7711405,0,True
syn-02364,38.76635,18.59239,0.7401472,0,True
syn-02365,29.94084,6.62419,0.3660640,0,True
syn-02366,40.04899,15.27387,0.8172929,0,True
syn-02367,73.26122,10.18487,0.3741817,1,True
syn-02368,53.07951,0.00000,0.1530477,0,True
syn-02369,8.68250,16.80381,0.4472388,0,True
syn-02370,80.70957,7.97488,0.7542258,1,True
syn-02371,4.01772,24.71823,0.4753008,0,True
syn-02372,27.38372,28.80319,0.4562855,0,True
syn-02373,17.05906,8.44513,0.6159980,0,True
syn-02374,116.57504,32.24107,0.5707039,1,True
syn-02375,20.84741,3.89373,0.7583539,1,True
syn-02376,43.26035,11.27999,0.8656037,1,True
syn-02377,97.53165,12.89409,0.7704947,1,True
syn-02378,40.73877,9.87566,0.1308667,0,True
syn-02379,45.50428,5.52432,0.1943069,0,True
syn-02380,45.90299,14.04127,0.6623148,0,True
syn-02381,25.10863,13.17355,0.7839490,0,True
syn-02382,25.96313,9.66844,0.4438009,0,True
syn-02383,11.52241,24.78495,0.2987495,0,True
syn-02384,36.95140,14.72883,0.5322086,0,True
syn-02385,27.99843,13.32629,0.5723657,0,True
syn-02386,140.00000,24.81789,0.3891469,1,True
syn-02387,47.57956,19.10224,0.8950657,1,True
syn-02388,43.13593,17.55928,0.9513458,1,True
syn-02389,56.24103,17.29032,0.1073094,0,True
syn-02390,18.76898,10.58561,0.5805454,0,True
syn-02391,42.87859,22.61651,0.7318050,0,True
syn-02392,6.75726,5.52342,0.5467456,0,True
syn-02393,113.30881,24.44120,0.8654016,1,True
syn-02394,41.52935,4.37477,0.2486092,0,True
syn-02395,72.59170,0.00000,0.9826946,1,True
syn-02396,44.42079,12.11474,0.8556218,1,True
syn-02397,96.06208,0.25457,0.3397376,1,True
syn-02398,36.14970,20.03861,0.8144636,1,True
syn-02399,12.05184,1.28016,0.3219514,0,True
syn-02400,9.29039,18.82868,0.7666728,0,True
syn-02401,12.30384,11.00404,0.5695810,1,True
syn-02402,62.44487,9.15763,0.6216081,1,True
syn-02403,17.24574,0.00000,0.3700976,0,True
syn-02404,26.40774,18.32762,0.3874980,0,True
syn-02405,45.93221,10.66222,0.4393170,1,True
syn-02406,31.98252,5.83164,0.4509954,1,True
syn-02407,16.86641,16.32764,0.5242591,0,True
syn-02408,3.09208,25.53510,0.8984588,0,True
syn-02409,94.37132,3.70163,0.4042812,1,True
syn-02410,41.73389,35.60512,0.6092986,0,True
syn-02411,14.24642,10.47844,0.7024633,0,True
syn-02412,64.28671,7.80581,0.4099586,1,True
syn-02413,14.29971,15.39029,0.3789536,0,True
syn-02414,87.50478,13.06812,0.7572931,1,True
syn-02415,37.22807,15.51906,0.5629103,0,True
syn-02416,18.80891,4.11868,0.7425722,1,True
syn-02417,20.22754,0.00000,0.7323405,0,True
syn-02418,58.60212,8.69907,0.1476404,0,True
syn-02419,43.44915,1.63676,0.5127193,1,True
syn-02420,60.15892,10.07853,0.9051624,0,True
syn-02421,8.38538,0.77151,0.6871804,0,True
syn-02422,40.34327,16.51664,0.4316056,0,True
syn-02423,55.98732,0.00381,0.8634825,1,True
syn-02424,27.32285,12.68449,0.7272835,0,True
syn-02425,20.63650,10.08351,0.6145378,0,True
syn-02426,19.54694,7.17329,0.7567390,1,True
syn-02427,103.73525,15.33066,0.4789984,1,True
syn-02428,39.63841,14.56109,0.1739111,0,True
syn-02429,31.32557,9.66342,0.5942026,0,True
syn-02430,52.17688,26.39963,0.8171553,1,True
syn-02431,81.96755,17.00003,0.7778094,1,True
syn-02432,29.98210,17.61985,0.2844170,0,True
syn-02433,9.00971,16.56433,0.5301569,0,True
syn-02434,21.90133,15.97831,0.5527566,0,True
syn-02435,46.32497,2.01702,0.5725081,1,True
syn-02436,67.05901,9.30897,0.9304976,1,True
syn-02437,39.94001,8.41684,0.7229175,1,True
syn-02438,78.93285,26.03499,0.9522697,1,True
syn-02439,31.65669,14.56425,0.5288880,1,True
syn-02440,64.91799,15.46687,0.5969860,1,True
syn-02441,28.94874,4.12575,0.2166107,0,True
syn-02442,30.82894,0.00000,0.7803242,0,True
syn-02443,38.87738,7.28777,0.6102313,1,True
syn-02444,23.64339,21.04554,0.9131176,0,True
syn-02445,53.32324,7.39634,0.5867735,1,True
syn-02446,87.32030,9.45900,0.2428872,1,True
syn-02447,125.24931,13.06495,0.5860254,1,True
syn-02448,117.10693,6.11183,0.4033922,1,True
syn-02449,18.01915,12.64056,0.3858066,0,True
syn-02450,42.20613,27.96640,0.3755676,0,True
syn-02451,49.42914,5.90509,0.7014056,1,True
syn-02452,14.12826,11.58716,0.8265252,0,True
syn-02453,44.94254,5.95789,0.6823436,1,True
syn-02454,40.05936,19.77130,0.2879947,0,True
syn-02455,23.18479,13.55033,0.6011540,0,True
syn-02456,36.56133,17.99462,0.7820976,0,True
syn-02457,20.83776,11.69786,0.6606024,0,True
syn-02458,49.36862,6.47730,0.7659524,0,True
syn-02459,12.65370,15.03552,0.6946200,0,True
syn-02460,53.77349,4.44504,0.3993258,0,True
syn-02461,75.90240,13.43874,0.6842449,1,True
syn-02462,27.85739,20.59496,0.7913162,0,True
syn-02463,27.40874,10.45705,0.4313732,0,True
syn-02464,17.95024,0.00000,0.3978038,0,True
syn-02465,81.02175,0.00000,0.7919857,1,True
syn-02466,29.76567,0.00000,0.5404512,0,True
syn-02467,28.29929,26.87934,0.5729958,0,True
syn-02468,69.23042,4.84147,0.8031945,1,True
syn-02469,17.63593,0.00000,0.3987153,0,True
syn-02470,50.02786,12.17185,0.8631619,1,True
syn-02471,29.40796,10.45535,0.4628570,0,True
syn-02472,31.57695,10.49061,0.2467220,0,True
syn-02473,17.46941,23.62954,0.4912710,0,True
syn-02474,59.77685,20.21160,0.3810518,0,True
syn-02475,21.03666,21.53567,0.7791344,0,True
syn-02476,11.58565,7.82575,0.7697188,1,True
syn-02477,27.81303,13.76040,0.7244288,1,True
syn-02478,23.33779,25.09950,0.6727013,0,True
syn-02479,56.94952,13.44925,0.1786648,1,True
syn-02480,8.14851,12.91440,0.4682139,0,True
syn-02481,41.25069,7.31259,0.4129507,1,True
syn-02482,83.26572,21.42896,0.7320077,1,True
syn-02483,15.53538,5.14618,0.3190179,0,True
syn-02484,35.38913,17.55887,0.7378466,1,True
syn-02485,31.60008,8.75432,0.6772643,0,True
syn-02486,138.69073,0.36354,0.3963133,1,True
syn-02487,50.09702,5.74943,0.5288930,0,True
syn-02488,39.65282,22.17414,0.2486990,0,True
syn-02489,16.45872,9.66604,0.0465605,0,True
syn-02490,40.47299,2.41157,0.1625693,0,True
syn-02491,17.22330,23.88019,0.3181190,0,True
syn-02492,39.87188,14.19550,0.5894781,0,True
syn-02493,52.04238,15.91830,0.4079180,1,True
syn-02494,19.84961,8.64419,0.1766097,0,True
syn-02495,41.92875,27.43219,0.7065371,0,True
syn-02496,54.58117,18.32988,0.3804238,0,True
syn-02497,19.30995,20.53075,0.6693472,0,True
syn-02498,31.42192,1.17907,0.5812799,1,True
syn-02499,9.46563,27.89100,0.6998079,0,True
syn-02500,35.13041,0.35327,0.3768646,0,True
syn-02501,39.76292,6.92495,0.7527911,1,True
syn-02502,10.48935,33.29834,0.5574450,0,True
syn-02503,73.02993,16.64136,0.5322205,0,True
syn-02504,30.05927,10.34719,0.2715365,0,True
syn-02505,134.37952,3.16322,0.5017819,1,True
syn-02506,25.82228,1.51401,0.5053280,0,True
syn-02507,6.29047,8.04033,0.2424193,0,True
syn-02508,16.05652,17.69373,0.8830732,0,True
syn-02509,57.33101,9.38467,0.1795032,0,True
syn-02510,70.12527,9.70846,0.5307056,1,True
syn-02511,44.72964,7.05995,0.1927602,1,True
syn-02512,140.00000,13.26817,0.4933962,1,True
syn-02513,19.84054,2.08833,0.4398029,0,True
syn-02514,25.33069,18.12833,0.6266233,0,True
syn-02515,40.09354,17.29072,0.2749594,0,True
syn-02516,37.60455,19.56880,0.8923412,0,True
syn-02517,65.68792,15.10080,0.6568344,1,True
syn-02518,32.27084,13.14266,0.8680410,0,True
syn-02519,69.07836,4.85947,0.3546006,0,True
syn-02520,50.37332,21.57508,0.2039060,0,True
syn-02521,35.75399,13.45608,0.7260585,0,True
syn-02522,14.17766,6.82523,0.4218000,0,True
syn-02523,44.54009,29.90970,0.6525139,0,True
syn-02524,39.69658,7.78581,0.2564861,0,True
syn-02525,45.88519,24.36537,0.2843038,0,True
syn-02526,78.88177,2.99015,0.4891706,1,True
syn-02527,64.33882,10.56796,0.6579410,0,True
syn-02528,15.06448,32.75229,0.9311745,0,True
syn-02529,26.91237,0.24054,0.9645946,0,True
syn-02530,7.59608,31.10570,0.1702487,0,True
syn-02531,13.09094,12.51578,0.1676148,0,True
syn-02532,66.95332,9.09567,0.8160980,1,True
syn-02533,86.36201,0.00000,0.6784868,1,True
syn-02534,50.80800,14.89585,0.6063995,0,True
syn-02535,3.49646,0.00000,0.7878060,0,True
syn-02536,74.15205,14.67579,0.3298676,0,True
syn-02537,29.80579,13.50291,0.7031369,0,True
syn-02538,27.93138,4.36123,0.3110212,0,True
syn-02539,9.73472,13.37758,0.3853117,0,True
syn-02540,6.06718,10.99663,0.8693866,0,True
syn-02541,62.88932,0.00000,0.7981076,1,True
syn-02542,18.88308,30.88859,0.4851903,0,True
syn-02543,97.36935,24.87276,0.4790036,1,True
syn-02544,1.57761,9.35152,0.8881924,0,True
syn-02545,3.03547,0.00000,0.5215823,0,True
syn-02546,48.38540,27.02387,0.5632446,0,True
syn-02547,42.77726,12.87857,0.5519713,0,True
syn-02548,2.32720,11.75342,0.4822678,0,True
syn-02549,19.30955,0.65867,0.0866852,0,True
syn-02550,48.53627,9.68300,0.4933202,0,True
syn-02551,5.07941,27.81002,0.4128371,0,True
syn-02552,32.17833,40.85270,0.5842481,0,True
syn-02553,11.36331,10.63753,0.3891530,0,True
syn-02554,29.70215,21.74217,0.6694629,0,True
syn-02555,17.19187,13.76760,0.6463231,0,True
syn-02556,64.50283,22.70479,0.3734292,0,True
syn-02557,70.31106,3.37985,0.3259897,1,True
syn-02558,45.30220,2.92290,0.3148003,0,True
syn-02559,32.46249,18.18249,0.7648470,0,True
syn-02560,66.38728,22.97401,0.4622234,1,True
syn-02561,32.13881,9.05642,0.5333837,0,True
syn-02562,72.59475,12.10318,0.1773114,1,True
syn-02563,21.29969,20.19305,0.6674973,0,True
syn-02564,7.40496,13.96235,0.3962472,0,True
syn-02565,81.15842,18.96565,0.8335118,1,True
syn-02566,18.83623,11.93791,0.8778093,0,True
syn-02567,19.93659,26.51675,0.1888445,0,True
syn-02568,25.64117,7.26029,0.3501746,0,True
syn-02569,27.66982,20.37205,0.3018535,0,True
syn-02570,41.90111,15.62596,0.8479127,0,True
syn-02571,50.11435,20.64890,0.5390574,1,True
syn-02572,68.31345,3.71270,0.5945817,0,True
syn-02573,53.50039,3.69904,0.7456095,1,True
syn-02574,25.04287,10.98501,0.8213800,0,True
syn-02575,19.07840,21.50980,0.6899714,0,True
syn-02576,81.05641,25.85739,0.0904320,1,True
syn-02577,7.89505,2.77888,0.3686037,0,True
syn-02578,8.10462,33.78951,0.6558670,0,True
syn-02579,10.40137,27.15670,0.5677748,0,True
syn-02580,31.08581,27.08256,0.5226711,0,True
syn-02581,89.86674,10.31559,0.8108163,1,True
syn-02582,55.36673,5.47143,0.5151532,0,True
syn-02583,19.78352,13.07201,0.8689534,1,True
syn-02584,135.96126,5.84288,0.9367176,1,True
syn-02585,69.19057,23.51426,0.6226382,0,True
syn-02586,3.56442,18.22160,0.5368423,0,True
syn-02587,60.10025,3.06381,0.8496188,1,True
syn-02588,33.62551,8.77909,0.5604631,1,True
syn-02589,15.53381,16.74698,0.6989941,0,True
syn-02590,42.22523,23.27116,0.6870177,0,True
syn-02591,62.24642,0.00000,0.5657104,1,True
syn-02592,27.36204,23.97035,0.8116672,0,True
syn-02593,3.74541,14.71938,0.4604253,0,True
syn-02594,52.68777,21.49786,0.7260561,1,True
syn-02595,71.75896,29.18350,0.6816705,0,True
syn-02596,21.52475,28.70094,0.9797932,0,True
syn-02597,38.39268,30.31193,0.6697952,0,True
syn-02598,23.26456,13.18477,0.6095067,0,True
syn-02599,13.90491,31.14939,0.4013803,0,True
syn-02600,103.75211,20.21508,0.8422247,1,True
syn-02601,41.61352,29.32673,0.2570258,0,True
syn-02602,21.52405,14.09668,0.9439847,1,True
syn-02603,71.63888,0.00000,0.6892704,1,True
syn-02604,15.24509,0.00000,0.4664571,0,True
syn-02605,89.12357,21.67585,0.3705119,1,True
syn-02606,1.04345,10.11758,0.7763019,0,True
syn-02607,22.82442,19.80170,0.1947248,0,True
syn-02608,15.57087,11.83030,0.9856287,0,True
syn-02609,20.13904,0.00000,0.6806688,1,True
syn-02610,46.45029,15.41889,0.5093725,0,True
syn-02611,85.91516,27.72293,0.5648830,1,True
syn-02612,39.35091,30.43876,0.7260485,0,True
syn-02613,17.66453,25.22748,0.5724279,0,True
syn-02614,8.26662,16.41950,0.2358204,0,True
syn-02615,13.28827,7.86115,0.7821333,0,True
syn-02616,42.49434,1.20572,0.0720181,0,True
syn-02617,123.81037,5.32147,0.1896920,1,True
syn-02618,44.74849,19.12101,0.8648978,1,True
syn-02619,36.48381,10.07572,0.5141307,0,True
syn-02620,19.93894,20.21046,0.3931996,0,True
syn-02621,4.49196,14.73627,0.6083668,0,True
syn-02622,109.06738,8.25663,0.3058139,1,True
syn-02623,28.80993,7.78863,0.6656191,1,True
syn-02624,20.59515,18.74060,0.8512591,0,True
syn-02625,49.52988,8.70017,0.7029737,1,True
syn-02626,41.28911,14.90121,0.7096795,0,True
syn-02627,44.97871,11.49496,0.8148640,1,True
syn-02628,130.63896,9.57934,0.7892515,1,True
syn-02629,30.81965,14.70819,0.7010803,1,True
syn-02630,42.69450,2.77059,0.8790526,1,True
syn-02631,68.21954,7.74392,0.5462299,1,True
syn-02632,14.53033,24.29335,0.6890109,0,True
syn-02633,40.19974,24.15930,0.6386288,0,True
syn-02634,18.39488,8.07382,0.6189761,1,True
syn-02635,15.82189,0.13964,0.1803543,0,True
syn-02636,25.36817,9.41770,0.6352953,0,True
syn-02637,52.44778,20.84822,0.9138216,0,True
syn-02638,19.98345,22.69990,0.2960972,0,True
syn-02639,28.23883,8.54330,0.4255254,0,True
syn-02640,94.79359,4.10139,0.4518649,1,True
syn-02641,12.46831,5.33279,0.6636033,0,True
syn-02642,32.70101,3.04998,0.9802817,0,True
syn-02643,87.62531,18.27988,0.6147206,1,True
syn-02644,89.30487,23.40995,0.5130223,1,True
syn-02645,63.29022,12.66334,0.5779572,1,True
syn-02646,59.47985,23.80780,0.4693764,1,True
syn-02647,140.00000,8.94760,0.5674502,1,True
syn-02648,27.26441,9.97453,0.5486224,0,True
syn-02649,43.00321,18.66887,0.7089046,0,True
syn-02650,30.40168,24.69322,0.6139019,0,True
syn-02651,126.37682,22.44462,0.4167103,1,True
syn-02652,51.88179,10.52231,0.6435946,1,True
syn-02653,27.67309,14.26881,0.6504539,0,True
syn-02654,43.30939,29.94658,0.6962348,0,True
syn-02655,58.20503,2.04146,0.4723959,1,True
syn-02656,26.19473,17.69100,0.8004867,0,True
syn-02657,89.39808,9.11500,0.2790884,1,True
syn-02658,10.70973,19.59989,0.7127808,0,True
syn-02659,90.40424,10.10448,0.8343580,1,True
syn-02660,17.29161,17.29419,0.3175083,0,True
syn-02661,12.52750,8.55985,0.5629277,1,True
syn-02662,34.47195,16.75213,0.1534107,0,True
syn-02663,117.30566,5.65450,0.2562433,1,True
syn-02664,93.28762,16.56412,0.7822247,1,True
syn-02665,7.85148,7.61643,0.3287868,0,True
syn-02666,27.80282,13.66399,0.6736752,1,True
syn-02667,17.60106,18.68558,0.4847006,0,True
syn-02668,67.72572,11.59822,0.8458161,1,True
syn-02669,33.49355,11.66682,0.3875709,1,True
syn-02670,82.23920,17.25150,0.5067592,0,True
syn-02671,9.07822,18.12987,0.8714088,0,True
syn-02672,53.38513,14.99410,0.6919927,0,True
syn-02673,83.32773,7.73693,0.5055412,1,True
syn-02674,33.71378,7.10752,0.2809708,0,True
syn-02675,46.47512,16.07549,0.7401847,0,True
syn-02676,59.10735,0.00000,0.4015270,0,True
syn-02677,22.45067,22.38598,0.6486619,0,True
syn-02678,43.31297,8.24395,0.2607464,0,True
syn-02679,34.38190,16.51868,0.5309115,0,True
syn-02680,132.48845,16.59232,0.8555157,1,True
syn-02681,32.08269,10.67825,0.3716539,0,True
syn-02682,21.21161,8.75013,0.2236944,0,True
syn-02683,75.91811,12.59784,0.8671392,1,True
syn-02684,45.23985,19.53322,0.3076624,1,True
syn-02685,70.20340,8.03096,0.5253628,1,True
syn-02686,81.80719,8.66064,0.2866163,1,True
syn-02687,38.56776,17.00210,0.8601182,1,True
syn-02688,38.64532,24.35584,0.5143149,0,True
syn-02689,19.08811,31.31688,0.8318681,0,True
syn-02690,38.40131,4.75481,0.2427369,0,True
syn-02691,12.10889,20.36594,0.8577337,0,True
syn-02692,61.68798,30.78708,0.6696891,0,True
syn-02693,33.08444,7.42458,0.6537361,0,True
syn-02694,14.31757,12.68132,0.1589657,0,True
syn-02695,22.02421,23.28905,0.9483086,0,True
syn-02696,69.21641,25.41577,0.7394359,1,True
syn-02697,28.73729,10.47860,0.7933500,0,True
syn-02698,10.54038,0.00000,0.6297461,1,True
syn-02699,18.14245,9.68024,0.4452387,0,True
syn-02700,47.66175,14.73309,0.7081307,0,True
syn-02701,6.83411,18.29782,0.3869282,0,True
syn-02702,1.76385,21.83867,0.8464017,0,True
syn-02703,37.41644,21.56001,0.6046349,0,True
syn-02704,34.14151,17.48792,0.7934026,1,True
syn-02705,49.15396,12.12444,0.6012095,1,True
syn-02706,59.97256,13.80083,0.6573775,0,True
syn-02707,35.61552,10.02670,0.2718851,0,True
syn-02708,10.62323,25.91906,0.8455424,0,True
syn-02709,38.08639,15.99967,0.7756883,1,True
syn-02710,73.75828,22.31742,0.9154355,1,True
syn-02711,39.70449,5.78021,0.5054069,0,True
syn-02712,1.37951,12.62607,0.7152304,0,True
syn-02713,24.74352,24.97385,0.5556656,1,True
syn-02714,24.97812,16.63170,0.4231569,0,True
syn-02715,8.63466,24.09839,0.4688976,0,True
syn-02716,125.66493,0.00000,0.5247300,1,True
syn-02717,4.97277,19.99021,0.6561922,0,True
syn-02718,70.80959,8.95718,0.6671202,1,True
syn-02719,52.15539,5.60008,0.4017387,0,True
syn-02720,13.93597,23.21080,0.9667858,0,True
syn-02721,53.51447,12.16467,0.5920258,1,True
syn-02722,18.34513,14.57571,0.9646829,0,True
syn-02723,33.25994,8.87497,0.6322050,0,True
syn-02724,56.47575,15.38781,0.6898059,1,True
syn-02725,15.33212,15.00790,0.4572802,0,True
syn-02726,8.93193,6.70468,0.3314656,0,True
syn-02727,1.53767,19.64526,0.2777263,0,True
syn-02728,47.26342,14.39874,0.6310627,0,True
syn-02729,126.19484,11.77669,0.8330877,1,True
syn-02730,12.10301,10.57811,0.8823166,0,True
syn-02731,58.89863,13.37895,0.8676735,0,True
syn-02732,49.90833,23.66249,0.6838659,0,True
syn-02733,53.27608,16.15915,0.4775472,1,True
syn-02734,29.36760,19.00864,0.8804533,0,True
syn-02735,27.95301,28.17605,0.4404143,0,True
syn-02736,34.05086,6.63734,0.5737637,1,True
syn-02737,48.49048,9.50592,0.7980725,1,True
syn-02738,33.24969,12.17919,0.7524410,0,True
syn-02739,54.57484,29.85740,0.8384678,0,True
syn-02740,10.27943,8.20390,0.8102371,0,True
syn-02741,56.95113,0.00000,0.6658766,1,True
syn-02742,10.81316,26.45501,0.2454909,0,True
syn-02743,86.40939,23.40671,0.6007394,0,True
syn-02744,71.34303,16.69037,0.3989896,0,True
syn-02745,33.36898,33.91183,0.9541434,0,True
syn-02746,80.40424,3.71869,0.9249387,1,True
syn-02747,37.03523,7.92625,0.2722089,0,True
syn-02748,60.92564,24.26369,0.8313971,0,True
syn-02749,36.97681,29.06475,0.3108271,0,True
syn-02750,13.20252,0.69665,0.5416743,0,True
syn-02751,47.16773,1.34201,0.6311786,1,True
syn-02752,8.66254,4.97371,0.6910223,1,True
syn-02753,11.49572,19.90166,0.8560697,0,True
syn-02754,13.09747,10.15889,0.6445383,0,True
syn-02755,48.32045,10.45053,0.6581436,0,True
syn-02756,45.62968,8.44156,0.7252180,1,True
syn-02757,106.52198,9.07493,0.5664129,1,True
syn-02758,63.59800,17.49994,0.3722312,0,True
syn-02759,70.14344,12.88392,0.5426669,1,True
syn-02760,52.08286,34.57725,0.9222185,0,True
syn-02761,15.70665,20.07368,0.7477721,1,True
syn-02762,24.70741,12.67129,0.7060965,0,True
syn-02763,98.59248,6.57015,0.8066369,1,True
syn-02764,15.54368,0.00000,0.9044253,0,True
syn-02765,83.98987,14.51951,0.7221320,1,True
syn-02766,25.52943,14.46740,0.5951676,0,True
syn-02767,47.12222,0.96945,0.9684837,1,True
syn-02768,53.89460,16.09531,0.5246738,0,True
syn-02769,43.55103,13.56615,0.2114785,0,True
syn-02770,26.97693,13.94389,0.3037290,0,True
syn-02771,129.68115,22.89994,0.6597020,1,True
syn-02772,11.95739,5.65877,0.4848863,0,True
syn-02773,13.49075,0.00000,0.5134217,0,True
syn-02774,49.73363,9.42390,0.4389270,0,True
syn-02775,69.16582,4.36346,0.7071322,1,True
syn-02776,41.33558,27.88819,0.2813500,0,True
syn-02777,28.87346,10.79203,0.7164264,1,True
syn-02778,33.30453,4.64219,0.7803392,1,True
syn-02779,5.67212,9.20503,0.7242587,0,True
syn-02780,50.18055,22.39281,0.5372387,1,True
syn-02781,35.59409,12.61731,0.7920798,0,True
syn-02782,34.68848,14.25558,0.6309967,0,True
syn-02783,53.94747,30.73966,0.5182403,0,True
syn-02784,24.00710,10.30009,0.9636016,0,True
syn-02785,10.09481,2.14478,0.8079611,0,True
syn-02786,24.58904,16.96517,0.4405972,0,True
syn-02787,26.77484,13.65129,0.9101770,1,True
syn-02788,12.68898,14.51756,0.5115711,1,True
syn-02789,140.00000,18.20694,0.6219091,1,True
syn-02790,81.42135,22.94789,0.6501282,1,True
syn-02791,65.52726,0.00000,0.0789522,0,True
syn-02792,36.06188,13.73696,0.8582573,0,True
syn-02793,26.28149,2.73980,0.3568695,1,True
syn-02794,36.19692,19.46340,0.7679741,1,True
syn-02795,21.03363,7.94626,0.6105672,0,True
syn-02796,50.60151,25.77509,0.3060037,0,True
syn-02797,8.90754,12.76084,0.8914554,1,True
syn-02798,6.20992,18.80720,0.2150991,0,True
syn-02799,25.78202,12.41093,0.1640792,0,True
syn-02800,115.98803,10.08431,0.3030259,1,True
syn-02801,10.65206,14.08781,0.8316998,0,True
syn-02802,54.91488,0.98584,0.4256239,0,True
syn-02803,22.09410,19.09579,0.6646442,0,True
syn-02804,24.18042,13.79306,0.7763451,1,True
syn-02805,11.82308,13.65058,0.7746889,0,True
syn-02806,14.82670,0.95428,0.3758856,0,True
syn-02807,14.01273,0.00000,0.6379836,0,True
syn-02808,9.92345,9.41472,0.1917866,0,True
syn-02809,65.28223,21.02772,0.5435676,0,True
syn-02810,74.04480,3.78968,0.6085151,0,True
syn-02811,14.05441,5.59120,0.3266965,0,True
syn-02812,6.76158,8.61116,0.4543010,0,True
syn-02813,11.20248,18.71637,0.3008359,0,True
syn-02814,39.98558,17.26080,0.4165407,0,True
syn-02815,28.21885,6.01409,0.6419030,0,True
syn-02816,12.55740,12.87302,0.9631591,1,True
syn-02817,40.26507,15.62509,0.3467140,0,True
syn-02818,111.36642,17.50340,0.6911787,1,True
syn-02819,13.60913,20.09882,0.7302234,1,True
syn-02820,35.35019,5.43411,0.5656195,0,True
syn-02821,12.99980,17.92680,0.5979849,0,True
syn-02822,17.24578,14.50873,0.3035635,0,True
syn-02823,14.07554,6.36854,0.4127524,0,True
syn-02824,24.31396,4.48684,0.5337548,1,True
syn-02825,14.28721,14.45676,0.5580962,0,True
syn-02826,87.87478,14.12785,0.7368693,1,True
syn-02827,35.60597,7.83364,0.7823256,0,True
syn-02828,60.35615,19.37155,0.5268615,1,True
syn-02829,70.78122,28.67467,0.5063418,0,True
syn-02830,101.48884,14.05938,0.9590821,1,True
syn-02831,11.22045,8.65644,0.8980067,0,True
syn-02832,46.08221,23.31771,0.7326936,1,True
syn-02833,38.46935,7.53969,0.4883020,0,True
syn-02834,42.19846,23.92705,0.7757918,0,True
syn-02835,59.71979,6.24061,0.6945338,1,True
syn-02836,5.73438,3.15584,0.3202370,0,True
syn-02837,23.10583,13.27034,0.6773975,0,True
syn-02838,114.19690,0.00000,0.6486429,1,True
syn-02839,20.07998,7.97858,0.8867826,0,True
syn-02840,40.74961,5.01368,0.8065386,1,True
syn-02841,30.26166,4.99484,0.7552672,0,True
syn-02842,90.11739,0.20679,0.8699750,1,True
syn-02843,48.43255,11.95666,0.5685341,0,True
syn-02844,57.19963,13.47099,0.7184262,1,True
syn-02845,26.30093,22.27622,0.9255649,0,True
syn-02846,126.68370,1.15566,0.2822023,1,True
syn-02847,51.37232,5.93187,0.3821829,1,True
syn-02848,2.51956,18.65788,0.4873017,0,True
syn-02849,12.64720,20.08058,0.4188690,0,True
syn-02850,90.94384,18.87726,0.7656868,1,True
syn-02851,19.72629,8.18332,0.4983018,0,True
syn-02852,12.54900,18.43522,0.2953663,0,True
syn-02853,96.34379,15.64225,0.6012498,0,True
syn-02854,119.93180,2.37293,0.6531701,0,True
syn-02855,21.82868,0.00000,0.4723204,0,True
syn-02856,10.74931,7.50967,0.5507512,0,True
syn-02857,37.96820,0.00000,0.8027114,1,True
syn-02858,28.12366,5.83969,0.6708924,0,True
syn-02859,26.46500,21.28715,0.3452232,0,True
syn-02860,19.96853,19.30283,0.8325557,0,True
syn-02861,82.32545,20.70396,0.9142374,1,True
syn-02862,63.58491,12.34461,0.8217650,0,True
syn-02863,28.33262,25.39306,0.5043651,1,True
syn-02864,46.06575,24.17117,0.3276521,0,True
syn-02865,53.90945,10.34486,0.1504344,1,True
syn-02866,33.01614,9.61054,0.3979768,0,True
syn-02867,54.48423,3.47525,0.7081571,0,True
syn-02868,27.23630,22.16870,0.5708212,1,True
syn-02869,52.42707,23.40240,0.5713103,1,True
syn-02870,10.30151,16.37538,0.4346473,0,True
syn-02871,108.79654,16.91769,0.2162953,0,True
syn-02872,57.89048,16.86769,0.5189947,0,True
syn-02873,68.50660,27.28030,0.9189166,1,True
syn-02874,12.68192,4.76157,0.4412343,0,True
syn-02875,9.35194,9.74038,0.5863267,0,True
syn-02876,54.94448,7.52912,0.5737323,0,True
syn-02877,49.37693,8.93721,0.6738313,1,True
syn-02878,94.47223,22.61584,0.5326777,1,True
syn-02879,43.38715,17.97859,0.8512763,1,True
syn-02880,45.78882,19.47718,0.6985465,1,True
syn-02881,65.18845,14.49224,0.7148271,1,True
syn-02882,5.73134,14.20847,0.5127437,0,True
syn-02883,45.06289,19.91497,0.0931502,0,True
syn-02884,22.48999,18.25877,0.4249218,0,True
syn-02885,20.97282,15.86677,0.3233306,0,True
syn-02886,35.26130,31.91361,0.6650590,0,True
syn-02887,19.34669,16.80416,0.6751962,0,True
syn-02888,135.50421,27.36832,0.4800089,1,True
syn-02889,34.42979,19.63448,0.3612752,0,True
syn-02890,19.21799,26.95322,0.2551133,0,True
syn-02891,24.17574,9.69999,0.6998795,1,True
syn-02892,12.32886,12.08995,0.9251165,0,True
syn-02893,43.98756,2.83711,0.5859638,0,True
syn-02894,57.09950,1.42210,0.5811635,1,True
syn-02895,17.55057,16.37188,0.6438055,0,True
syn-02896,32.10962,14.67145,0.6587414,0,True
syn-02897,22.89528,21.13926,0.3768941,0,True
syn-02898,20.04641,12.06201,0.5009578,0,True
syn-02899,16.43101,6.53765,0.2499799,0,True
syn-02900,28.86777,12.84851,0.5094728,0,True
syn-02901,15.10841,4.71957,0.2315573,0,True
syn-02902,48.01899,5.12345,0.3883662,1,True
syn-02903,55.67306,15.12916,0.5133110,1,True
syn-02904,4.64079,43.01461,0.7244318,0,True
syn-02905,114.24399,27.49962,0.3305553,1,True
syn-02906,97.03671,21.75423,0.3718659,1,True
syn-02907,6.24082,5.16706,0.6312493,0,True
syn-02908,75.40732,6.84877,0.4952145,1,True
syn-02909,43.23288,20.25578,0.6295915,0,True
syn-02910,29.17037,27.89077,0.2843047,0,True
syn-02911,62.63678,0.00000,0.0410790,0,True
syn-02912,14.21890,26.53192,0.8145055,0,True
syn-02913,93.94393,14.26564,0.6041965,1,True
syn-02914,32.27282,20.19021,0.7031582,1,True
syn-02915,27.00800,12.14788,0.4748230,0,True
syn-02916,27.20663,17.30985,0.9036618,1,True
syn-02917,39.18818,21.46201,0.3802294,0,True
syn-02918,117.59356,21.83788,0.3385163,1,True
syn-02919,101.63015,17.50306,0.4229255,1,True
syn-02920,38.74922,24.34687,0.7691886,0,True
syn-02921,93.19843,7.89318,0.7690440,1,True
syn-02922,10.00808,7.54224,0.3932673,0,True
syn-02923,62.05297,8.29878,0.9094960,1,True
syn-02924,23.24714,10.95738,0.5316345,1,True
syn-02925,46.41896,11.94206,0.7603717,0,True
syn-02926,74.21749,6.38182,0.5406401,1,True
syn-02927,31.86432,10.88678,0.6384734,1,True
syn-02928,43.82669,13.73794,0.5279506,0,True
syn-02929,77.44027,13.87317,0.6920859,1,True
syn-02930,75.64664,14.20758,0.5760234,1,True
syn-02931,19.62526,0.00000,0.8033537,1,True
syn-02932,50.30857,26.09211,0.8461679,1,True
syn-02933,37.27505,11.06298,0.2369046,0,True
syn-02934,135.61537,25.60860,0.8034626,1,True
syn-02935,11.90223,9.65905,0.2236471,0,True
syn-02936,60.74737,15.21855,0.6388032,1,True
syn-02937,10.23845,13.66675,0.4088103,0,True
syn-02938,2.36717,0.00000,0.3215792,0,True
syn-02939,27.97413,0.00000,0.8338348,1,True
syn-02940,6.64276,16.62951,0.7446881,1,True
syn-02941,54.15959,0.00000,0.3650064,1,True
syn-02942,44.76966,5.33419,0.8661906,1,True
syn-02943,7.23787,5.86091,0.0799384,0,True
syn-02944,50.55329,0.79248,0.5526705,1,True
syn-02945,12.27079,17.20711,0.5079432,0,True
syn-02946,22.73986,3.85595,0.5713657,1,True
syn-02947,22.93913,12.79215,0.3542680,0,True
syn-02948,73.22684,19.62863,0.6613330,0,True
syn-02949,46.34394,0.00000,0.8259094,1,True
syn-02950,20.22413,11.81332,0.4874686,0,True
syn-02951,61.23804,19.17877,0.5308702,1,True
syn-02952,100.03902,12.87592,0.4945646,1,True
syn-02953,140.00000,20.07597,0.9196192,1,True
syn-02954,31.00953,2.77366,0.6453261,1,True
syn-02955,26.10506,7.58734,0.2137998,0,True
syn-02956,101.37708,5.46614,0.4480208,1,True
syn-02957,124.72012,19.16514,0.7315654,1,True
syn-02958,40.38734,8.98008,0.4250388,1,True
syn-02959,98.11574,21.88067,0.8177509,0,True
syn-02960,18.02043,15.11503,0.1968582,0,True
syn-02961,23.58726,13.95467,0.2437354,0,True
syn-02962,59.79932,13.38339,0.8007735,1,True
syn-02963,10.06923,13.61471,0.4606096,0,True
syn-02964,8.18594,8.27680,0.4916398,1,True
syn-02965,26.30369,17.26434,0.5651730,0,True
syn-02966,18.22752,9.14913,0.6834868,0,True
syn-02967,8.47462,24.63321,0.7175419,0,True
syn-02968,27.09981,25.07359,0.2873555,0,True
syn-02969,56.22832,19.27921,0.7575094,1,True
syn-02970,18.82542,0.00000,0.4231619,0,True
syn-02971,65.79681,13.10966,0.4355209,1,True
syn-02972,12.99298,5.90888,0.4182362,0,True
syn-02973,18.05308,6.37906,0.8453152,1,True
syn-02974,90.98708,8.55214,0.1593609,0,True
syn-02975,16.26135,20.98027,0.6930904,0,True
syn-02976,14.28053,4.89935,0.7617415,0,True
syn-02977,15.99810,0.00000,0.4422037,0,True
syn-02978,46.28019,24.23327,0.4254333,0,True
syn-02979,9.43056,28.86949,0.3458279,0,True
syn-02980,68.26146,13.12855,0.2622241,0,True
syn-02981,6.81107,12.94631,0.6153255,1,True
syn-02982,10.57905,10.79906,0.4788882,0,True
syn-02983,44.09044,33.35425,0.3623218,0,True
syn-02984,21.16645,6.79355,0.7661279,0,True
syn-02985,38.29658,0.00000,0.6985570,1,True
syn-02986,30.00617,19.69349,0.6433963,0,True
syn-02987,25.17308,19.89919,0.4355984,0,True
syn-02988,22.55988,23.02386,0.9181725,0,True
syn-02989,38.72989,29.60039,0.5639611,0,True
syn-02990,42.91223,14.63994,0.6518201,1,True
syn-02991,32.23806,12.68440,0.7057242,1,True
syn-02992,10.44253,23.91360,0.3816048,0,True
syn-02993,64.46674,20.56281,0.6986641,1,True
syn-02994,45.97675,7.66179,0.8276193,1,True
syn-02995,19.63713,17.42797,0.6038821,0,True
syn-02996,47.16835,15.69070,0.6302792,1,True
syn-02997,11.83964,16.64747,0.3546532,0,True
syn-02998,29.55576,1.02667,0.4406457,0,True
syn-02999,40.58651,3.59751,0.7524453,1,True
syn-03000,32.20167,17.04373,0.4092652,1,True
syn-03001,18.59237,12.01468,0.1378125,0,True
syn-03002,48.00270,5.44923,0.6581815,1,True
syn-03003,46.94865,6.84328,0.3363478,0,True
syn-03004,22.97839,15.07769,0.5794708,0,True
syn-03005,30.26069,0.00000,0.5600569,1,True
syn-03006,77.98094,6.51939,0.4508357,0,True
syn-03007,37.10290,18.02401,0.7975817,0,True
syn-03008,56.37553,8.83764,0.6267409,1,True
syn-03009,29.82173,15.29257,0.6917700,1,True
syn-03010,135.48566,21.86675,0.4715737,1,True
syn-03011,18.49857,2.96057,0.7023411,0,True
syn-03012,62.18053,14.45529,0.4454808,1,True
syn-03013,44.69583,24.07098,0.7528554,1,True
syn-03014,28.53487,3.73746,0.7443917,0,True
syn-03015,10.24566,17.67812,0.6150543,1,True
syn-03016,20.43805,5.35724,0.1125135,0,True
syn-03017,32.46815,17.65503,0.3452744,0,True
syn-03018,6.63556,12.71365,0.3056017,0,True
syn-03019,48.70403,22.13959,0.1583493,0,True
syn-03020,42.72497,11.72623,0.8556768,1,True
syn-03021,29.67742,3.05898,0.3864662,0,True
syn-03022,32.56345,23.22897,0.6807671,0,True
syn-03023,37.15451,6.69607,0.5702095,0,True
syn-03024,45.20013,12.90239,0.6944245,0,True
syn-03025,32.47461,24.35734,0.3066255,0,True
syn-03026,104.70946,23.79960,0.8833157,1,True
syn-03027,110.30984,10.80084,0.8343037,1,True
syn-03028,24.01364,4.35369,0.4824182,1,True
syn-03029,140.00000,27.10416,0.7806003,1,True
syn-03030,23.81621,9.37182,0.3381789,0,True
syn-03031,32.46254,9.56869,0.1513132,0,True
syn-03032,2.65970,3.12529,0.3725653,0,True
syn-03033,27.60038,0.00000,0.8695233,0,True
syn-03034,92.12347,9.80838,0.6238281,1,True
syn-03035,33.93499,7.18775,0.6944505,0,True
syn-03036,67.54248,15.43039,0.3352920,1,True
syn-03037,49.91975,10.03794,0.4521906,1,True
syn-03038,26.09043,25.41180,0.7924187,1,True
syn-03039,25.29026,13.28091,0.6438730,1,True
syn-03040,70.96771,19.97089,0.6745031,0,True
syn-03041,17.38453,0.00000,0.7209455,0,True
syn-03042,2.48117,15.54651,0.3970707,0,True
syn-03043,87.52082,4.11666,0.3140502,0,True
syn-03044,30.83854,8.17404,0.8797638,0,True
syn-03045,52.46405,16.63698,0.4533577,1,True
syn-03046,30.71271,20.79005,0.8299155,1,True
syn-03047,21.80122,22.59879,0.3207844,0,True
syn-03048,26.01271,24.52796,0.6363795,0,True
syn-03049,49.93143,11.43874,0.8506147,1,True
syn-03050,57.07942,6.56292,0.6762195,1,True
syn-03051,34.65703,15.25216,0.6473465,0,True
syn-03052,42.87521,9.18618,0.6287583,0,True
syn-03053,28.31700,11.07243,0.7850574,1,True
syn-03054,34.39500,21.06686,0.8500701,1,True
syn-03055,140.00000,10.62397,0.8798034,1,True
syn-03056,37.06412,0.00000,0.6551574,0,True
syn-03057,107.21548,2.14908,0.4552722,1,True
syn-03058,51.47416,6.36852,0.6419421,0,True
syn-03059,37.41795,25.16518,0.4242831,0,True
syn-03060,16.22360,8.88785,0.6084913,0,True
syn-03061,16.83469,5.59421,0.1990149,0,True
syn-03062,18.66900,8.30238,0.2788574,0,True
syn-03063,18.43701,13.83459,0.2113429,0,True
syn-03064,43.24382,21.78093,0.6255410,0,True
syn-03065,32.51246,14.94736,0.5491587,0,True
syn-03066,52.79322,14.23027,0.9201361,1,True
syn-03067,35.76188,19.20839,0.9121979,0,True
syn-03068,36.29263,17.82207,0.6411985,0,True
syn-03069,45.90987,7.40436,0.8008716,1,True
syn-03070,96.43321,7.13681,0.7412755,1,True
syn-03071,66.84214,11.41086,0.6369885,0,True
syn-03072,2.61779,12.75867,0.8542927,0,True
syn-03073,78.99442,25.52538,0.1878425,0,True
syn-03074,69.56555,15.86271,0.1180846,1,True
syn-03075,47.01403,26.36142,0.2962191,0,True
syn-03076,29.60344,24.79637,0.1585472,0,True
syn-03077,5.59524,0.00000,0.8716004,0,True
syn-03078,12.61114,0.00000,0.3956218,0,True
syn-03079,23.13649,3.23063,0.5525732,0,True
syn-03080,11.96502,22.23655,0.4566380,0,True
syn-03081,27.72473,19.47770,0.7741795,0,True
syn-03082,40.15335,0.09933,0.5186613,1,True
syn-03083,96.86143,16.31800,0.7906752,1,True
syn-03084,52.41517,16.77762,0.6680672,0,True
syn-03085,56.38844,4.85731,0.3335029,0,True
syn-03086,62.61128,8.96141,0.6785018,1,True
syn-03087,27.56664,13.00372,0.2301323,0,True
syn-03088,27.94357,0.00000,0.3901203,0,True
syn-03089,100.73465,9.55505,0.8638765,1,True
syn-03090,10.00530,8.57528,0.7162924,0,True
syn-03091,58.63401,0.00000,0.5411201,1,True
syn-03092,19.87739,11.49023,0.6430255,0,True
syn-03093,48.98439,17.67593,0.7440572,1,True
syn-03094,31.79377,27.34711,0.6072360,0,True
syn-03095,22.78881,18.79261,0.3064166,0,True
syn-03096,16.79443,13.77221,0.6798095,0,True
syn-03097,28.04292,2.85468,0.2757967,0,True
syn-03098,14.70407,7.95341,0.5792645,0,True
syn-03099,36.11200,10.47168,0.3023491,0,True
syn-03100,18.48900,3.39746,0.5840768,0,True
syn-03101,37.17510,8.51757,0.5533385,0,True
syn-03102,26.61994,12.29589,0.7040745,0,True
syn-03103,56.54298,8.47668,0.3718866,1,True
syn-03104,3.07375,7.72124,0.1709214,0,True
syn-03105,14.78330,0.00000,0.5574452,0,True
syn-03106,85.11935,7.17847,0.3526974,0,True
syn-03107,16.84194,18.34091,0.5864113,0,True
syn-03108,60.01996,27.81593,0.6506137,0,True
syn-03109,21.17604,12.46821,0.2862653,0,True
syn-03110,21.56167,27.20404,0.5201707,0,True
syn-03111,35.18034,20.09408,0.3537160,0,True
syn-03112,10.88429,14.26798,0.4271401,0,True
syn-03113,22.48094,17.91976,0.7117881,0,True
syn-03114,40.28705,32.77830,0.5080557,0,True
syn-03115,56.30347,6.37964,0.5697008,1,True
syn-03116,24.25888,18.67865,0.2733679,0,True
syn-03117,59.24319,0.00000,0.4830944,0,True
syn-03118,14.65029,6.15772,0.7675315,0,True
syn-03119,3.57843,10.59917,0.5445171,0,True
syn-03120,41.23485,13.47802,0.7058120,0,True
syn-03121,35.60294,19.18725,0.7922083,1,True
syn-03122,116.04989,0.00000,0.6249444,1,True
syn-03123,7.35891,14.54063,0.8617162,0,True
syn-03124,41.37907,17.97231,0.8505847,0,True
syn-03125,59.30996,15.23916,0.9529161,0,True
syn-03126,27.08186,24.01867,0.5222439,0,True
syn-03127,104.87988,15.19896,0.4201302,1,True
syn-03128,32.79389,5.62992,0.3390910,0,True
syn-03129,45.40767,31.62515,0.7543326,0,True
syn-03130,43.71830,8.16485,0.8477035,1,True
syn-03131,77.77779,21.53048,0.8872725,1,True
syn-03132,21.19248,5.09946,0.4600142,0,True
syn-03133,16.00688,18.09439,0.4225751,0,True
syn-03134,49.81425,12.59887,0.4914703,0,True
syn-03135,8.22193,9.66967,0.5975162,1,True
syn-03136,83.55366,17.48287,0.8521664,1,True
syn-03137,25.34459,0.00000,0.4131182,0,True
syn-03138,13.69888,0.00000,0.3357306,0,True
syn-03139,37.89135,20.76759,0.2793593,0,True
syn-03140,126.01423,13.41329,0.7614717,1,True
syn-03141,23.35406,6.29957,0.3868307,1,True
syn-03142,61.07016,27.24412,0.7017971,0,True
syn-03143,33.67488,27.26764,0.8986985,0,True
syn-03144,45.29533,21.35888,0.4166764,0,True
syn-03145,19.70645,7.18697,0.6255181,0,True
syn-03146,89.57675,7.66745,0.5401304,1,True
syn-03147,21.71513,16.67904,0.3747925,0,True
syn-03148,18.68177,6.10331,0.7147880,0,True
syn-03149,52.88532,14.94934,0.4586672,1,True
syn-03150,12.77817,15.90579,0.9033066,0,True
syn-03151,23.62281,23.89100,0.1865007,0,True
syn-03152,18.48372,0.00000,0.8195226,0,True
syn-03153,35.56034,24.94314,0.4505311,0,True
syn-03154,140.00000,9.24757,0.7153434,1,True
syn-03155,69.87360,1.89732,0.5631597,1,True
syn-03156,90.90126,23.78616,0.1806415,0,True
syn-03157,40.63965,25.26969,0.1001976,0,True
syn-03158,3.34627,4.41459,0.7365032,1,True
syn-03159,32.17741,24.38516,0.1185342,0,True
syn-03160,34.49907,19.24994,0.3793336,0,True
syn-03161,26.48271,8.50435,0.5335463,1,True
syn-03162,26.18427,4.47599,0.6572909,0,True
syn-03163,22.01143,4.82376,0.5216676,0,True
syn-03164,22.99775,2.26958,0.4369106,0,True
syn-03165,63.40396,15.37487,0.6282296,1,True
syn-03166,40.10415,20.22324,0.1867310,0,True
syn-03167,33.95592,5.46290,0.8736243,0,True
syn-03168,3.52624,11.65214,0.9407552,0,True
syn-03169,92.74940,3.96926,0.9781890,1,True
syn-03170,2.73769,15.95849,0.5792019,0,True
syn-03171,31.89111,0.00000,0.5295065,0,True
syn-03172,32.68216,24.36865,0.4730633,0,True
syn-03173,50.66172,17.39860,0.6979245,0,True
syn-03174,57.33139,27.24608,0.5596182,1,True
syn-03175,84.50008,13.77227,0.3866158,1,True
syn-03176,90.97111,15.02353,0.7625681,0,True
syn-03177,40.25118,7.59634,0.5648151,1,True
syn-03178,62.66234,0.00000,0.6531153,0,True
syn-03179,16.93884,1.33665,0.6253291,0,True
syn-03180,20.64421,0.00000,0.1273286,1,True
syn-03181,12.60322,19.88585,0.2851503,0,True
syn-03182,4.19787,13.45559,0.7981978,0,True
syn-03183,32.21026,10.16340,0.7530353,1,True
syn-03184,30.19835,10.86965,0.7982875,0,True
syn-03185,52.77584,14.14139,0.1672726,0,True
syn-03186,17.95856,9.23819,0.7078565,0,True
syn-03187,35.75261,3.89458,0.6357780,0,True
syn-03188,49.23429,11.31306,0.4038131,1,True
syn-03189,38.88280,14.53280,0.7208309,0,True
syn-03190,57.54706,0.00000,0.3719845,1,True
syn-03191,23.92484,4.65696,0.3385963,0,True
syn-03192,51.81379,11.24327,0.3619374,0,True
syn-03193,25.77121,19.93003,0.4399793,1,True
syn-03194,7.12809,0.47812,0.9600143,1,True
syn-03195,46.72124,26.40380,0.6857367,0,True
syn-03196,30.65738,18.31188,0.8952977,1,True
syn-03197,22.84533,31.05429,0.3484495,0,True
syn-03198,67.50327,9.42451,0.7543147,1,True
syn-03199,45.08771,9.75475,0.0688252,0,True
syn-03200,17.58852,26.91727,0.6162521,0,True
syn-03201,32.97809,17.75204,0.7503282,1,True
syn-03202,16.45573,6.50870,0.3815933,0,True
syn-03203,39.03437,1.90408,0.5661812,1,True
syn-03204,38.57925,24.36204,0.2023061,0,True
syn-03205,55.12658,0.00000,0.6834040,1,True
syn-03206,39.81490,16.50591,0.3841403,0,True
syn-03207,47.99649,12.23684,0.6423920,1,True
syn-03208,18.58064,1.17944,0.6798298,0,True
syn-03209,8.97135,16.04781,0.3814602,0,True
syn-03210,76.80815,11.84575,0.6748231,1,True
syn-03211,33.04340,9.07989,0.6530573,0,True
syn-03212,30.05286,0.00000,0.7448358,1,True
syn-03213,20.50167,43.54830,0.8374908,0,True
syn-03214,102.35795,20.90842,0.4328345,1,True
syn-03215,30.62403,20.10579,0.9145089,0,True
syn-03216,78.54691,10.93509,0.2268175,1,True
syn-03217,17.14962,2.96079,0.7847466,1,True
syn-03218,69.11620,11.67372,0.9571440,1,True
syn-03219,24.59035,0.00000,0.6002159,0,True
syn-03220,52.75719,7.18500,0.4767052,1,True
syn-03221,9.09450,12.41024,0.6766247,0,True
syn-03222,10.20778,41.49949,0.2187493,0,True
syn-03223,4.07641,24.91508,0.8204147,0,True
syn-03224,5.42627,2.14380,0.5448827,1,True
syn-03225,34.22046,8.01204,0.1965965,0,True
syn-03226,48.12449,18.14377,0.8089184,0,True
syn-03227,7.34778,12.79500,0.5609165,0,True
syn-03228,91.43942,3.70338,0.7227628,1,True
syn-03229,11.77262,14.87900,0.6671177,0,True
syn-03230,40.01713,9.60364,0.5027477,0,True
syn-03231,46.00624,18.79007,0.5172797,1,True
syn-03232,33.96887,11.20182,0.8377001,1,True
syn-03233,22.32688,9.78157,0.2103897,0,True
syn-03234,7.21785,10.90108,0.9112205,0,True
syn-03235,52.49406,13.85397,0.9442593,1,True
syn-03236,25.97071,6.30525,0.4550294,0,True
syn-03237,40.59095,21.03314,0.5085017,1,True
syn-03238,24.02235,16.60639,0.7164868,0,True
syn-03239,28.26961,24.70915,0.7025644,0,True
syn-03240,58.86087,18.07040,0.6245605,1,True
syn-03241,7.99269,16.27094,0.8474427,0,True
syn-03242,17.94258,0.00000,0.8227590,1,True
syn-03243,15.55829,1.61264,0.7622498,0,True
syn-03244,29.14853,30.34295,0.5088155,0,True
syn-03245,48.92156,26.05300,0.5842500,0,True
syn-03246,13.60988,15.10835,0.3968852,0,True
syn-03247,33.81199,15.48150,0.7925843,1,True
syn-03248,51.97528,11.32541,0.7615498,1,True
syn-03249,13.93859,14.35206,0.4575632,0,True
syn-03250,133.34610,11.15642,0.3323384,1,True
syn-03251,26.37487,12.97809,0.7119276,0,True
syn-03252,57.86772,16.55370,0.3870198,0,True
syn-03253,91.77066,11.03607,0.1374303,1,True
syn-03254,10.02253,2.29242,0.5459887,0,True
syn-03255,51.18503,20.64410,0.5704235,0,True
syn-03256,86.29405,16.22165,0.4622813,0,True
syn-03257,10.02998,25.54189,0.8236354,0,True
syn-03258,19.89555,9.67305,0.3460455,0,True
syn-03259,21.42852,19.91094,0.9079857,0,True
syn-03260,23.63326,27.25246,0.4410228,0,True
syn-03261,15.90158,7.83274,0.6264138,0,True
syn-03262,9.66641,8.39233,0.6287686,0,True
syn-03263,66.84521,23.18240,0.8432528,1,True
syn-03264,26.67084,10.43862,0.4124810,1,True
syn-03265,25.80214,12.64535,0.9100536,0,True
syn-03266,85.70035,23.64755,0.5992527,1,True
syn-03267,54.89933,5.37489,0.2750073,1,True
syn-03268,18.21162,23.06616,0.6657628,0,True
syn-03269,10.16793,3.01842,0.5795254,0,True
syn-03270,21.41028,18.49551,0.4323103,0,True
syn-03271,10.42327,8.26462,0.7457791,0,True
syn-03272,72.70750,14.29944,0.6351321,0,True
syn-03273,27.85875,9.72697,0.3108898,0,True
syn-03274,10.67705,4.26389,0.6641923,0,True
syn-03275,75.13951,25.92412,0.4590234,1,True
syn-03276,29.69391,7.70477,0.6584877,0,True
syn-03277,26.90915,18.92528,0.8811694,0,True
syn-03278,38.71904,3.10661,0.4992472,1,True
syn-03279,43.18963,16.22801,0.5726744,0,True
syn-03280,59.60677,14.67314,0.4414185,1,True
syn-03281,34.85975,15.61516,0.8794383,1,True
syn-03282,4.37232,17.34921,0.7951575,0,True
syn-03283,8.15101,0.00000,0.4921522,0,True
syn-03284,5.22846,28.00015,0.4798623,0,True
syn-03285,19.72370,13.43998,0.2593038,0,True
syn-03286,38.50150,13.83960,0.3533445,1,True
syn-03287,17.79970,13.20856,0.9877381,0,True
syn-03288,17.87258,21.27971,0.6024700,0,True
syn-03289,20.39806,12.85243,0.5735060,0,True
syn-03290,25.98109,3.14585,0.4123476,0,True
syn-03291,48.39859,13.40024,0.7352569,1,True
syn-03292,15.15386,7.32817,0.6183122,1,True
syn-03293,54.91864,9.68355,0.6668848,1,True
syn-03294,57.04322,14.21261,0.6464842,1,True
syn-03295,41.51173,20.49158,0.6865819,1,True
syn-03296,39.25926,22.58036,0.7068016,0,True
syn-03297,37.37335,18.61391,0.4748302,0,True
syn-03298,13.08368,12.58822,0.8879610,1,True
syn-03299,83.61613,7.50395,0.2455479,1,True
syn-03300,37.84228,18.93258,0.5270993,0,True
syn-03301,86.29624,22.89684,0.6300510,1,True
syn-03302,53.82294,10.33759,0.1576012,0,True
syn-03303,130.41081,0.00000,0.7806758,1,True
syn-03304,68.59156,17.15824,0.5861163,1,True
syn-03305,49.30508,18.63229,0.4189618,0,True
syn-03306,32.74033,10.95859,0.3164981,0,True
syn-03307,124.21592,16.72428,0.3269201,1,True
syn-03308,14.31953,20.61241,0.3452161,0,True
syn-03309,102.67200,27.30975,0.6992124,0,True
syn-03310,60.31477,13.23651,0.6917425,1,True
syn-03311,102.43609,17.08487,0.1094840,1,True
syn-03312,8.30849,32.59155,0.2297431,0,True
syn-03313,5.88907,10.12192,0.6070214,0,True
syn-03314,93.66982,15.48986,0.8175647,1,True
syn-03315,63.29183,22.73139,0.4814359,0,True
syn-03316,35.46510,11.73005,0.7386990,0,True
syn-03317,71.64661,12.94930,0.2141180,0,True
syn-03318,38.91430,12.02009,0.8406639,1,True
syn-03319,97.26001,9.64909,0.4509260,1,True
syn-03320,21.38342,0.85636,0.1451755,0,True
syn-03321,18.11402,20.00404,0.6219234,0,True
syn-03322,24.30949,2.37423,0.8476052,0,True
syn-03323,136.33244,18.79600,0.4932719,1,True
syn-03324,35.85573,12.26691,0.6033585,0,True
syn-03325,62.78709,21.14380,0.9400958,1,True
syn-03326,24.77293,23.12136,0.8269016,0,True
syn-03327,88.30634,18.91710,0.8981183,1,True
syn-03328,34.41920,18.72546,0.5902371,0,True
syn-03329,102.13625,20.38253,0.2179468,1,True
syn-03330,18.41148,14.63099,0.6130294,0,True
syn-03331,16.82452,8.46396,0.4183947,1,True
syn-03332,44.77260,15.08808,0.6093671,0,True
syn-03333,49.74257,13.73150,0.4635535,1,True
syn-03334,24.32937,3.53065,0.7447729,0,True
syn-03335,55.77034,0.58223,0.7194267,1,True
syn-03336,115.60068,0.00000,0.8041635,1,True
syn-03337,8.93343,22.11868,0.7337173,0,True
syn-03338,6.57871,0.00000,0.6861967,0,True
syn-03339,32.67342,9.34432,0.5832145,0,True
syn-03340,10.58246,5.29346,0.5340413,0,True
syn-03341,57.27286,13.01328,0.8269323,1,True
syn-03342,9.20643,11.72808,0.6415405,0,True
syn-03343,15.12555,17.36149,0.9015058,0,True
syn-03344,28.94356,15.52358,0.4536332,1,True
syn-03345,91.95782,8.64355,0.6334010,1,True
syn-03346,70.22127,19.95302,0.4523878,0,True
syn-03347,26.88326,0.00000,0.5430614,1,True
syn-03348,112.25315,4.88246,0.4072701,1,True
syn-03349,86.45645,1.72811,0.5063313,1,True
syn-03350,100.35192,15.12379,0.7957075,1,True
syn-03351,70.46453,12.12047,0.3739637,1,True
syn-03352,20.69890,19.20248,0.4280584,0,True
syn-03353,79.40002,26.40187,0.6854862,0,True
syn-03354,17.06697,14.90593,0.4736745,0,True
syn-03355,102.86769,11.81751,0.9834252,1,True
syn-03356,41.21621,14.29606,0.4443613,0,True
syn-03357,38.94241,15.95138,0.7655524,0,True
syn-03358,26.33354,10.82631,0.4722393,0,True
syn-03359,98.12535,11.33547,0.4530005,1,True
syn-03360,23.24368,1.01905,0.6788745,0,True
syn-03361,41.75677,7.18344,0.4650311,0,True
syn-03362,128.33488,25.02521,0.2909937,0,True
syn-03363,57.94225,11.35302,0.5835190,1,True
syn-03364,52.48733,12.40109,0.4615156,0,True
syn-03365,17.73190,21.23669,0.8962445,0,True
syn-03366,46.21869,12.01415,0.9381049,0,True
syn-03367,8.69862,23.88107,0.3352101,0,True
syn-03368,34.52580,29.08282,0.5839816,0,True
syn-03369,18.33192,19.61082,0.5357599,0,True
syn-03370,35.29312,19.22583,0.4292208,0,True
syn-03371,36.72462,24.83913,0.5688791,0,True
syn-03372,54.97379,10.56675,0.1912309,0,True
syn-03373,24.09324,10.56651,0.6230491,0,True
syn-03374,95.34247,19.78991,0.7039471,0,True
syn-03375,74.98734,17.49100,0.7315996,1,True
syn-03376,39.06372,9.47256,0.8532845,1,True
syn-03377,30.74644,19.87482,0.7714952,0,True
syn-03378,19.06603,0.00000,0.7316914,1,True
syn-03379,55.19543,36.25514,0.4989565,0,True
syn-03380,59.24093,17.67877,0.6261365,0,True
syn-03381,16.45989,19.25565,0.3152447,0,True
syn-03382,89.06703,11.60133,0.1926643,1,True
syn-03383,19.63515,15.85715,0.8144956,0,True
syn-03384,92.14366,15.00174,0.4641469,0,True
syn-03385,17.48090,29.09358,0.8273478,0,True
syn-03386,77.45076,25.42849,0.6562320,1,True
syn-03387,95.12018,16.01099,0.8024555,1,True
syn-03388,121.14967,8.70385,0.4865421,1,True
syn-03389,13.18292,8.72893,0.2443690,0,True
syn-03390,47.53190,20.49689,0.6784987,0,True
syn-03391,32.02154,6.99305,0.3999699,0,True
syn-03392,20.84022,16.07770,0.5694385,0,True
syn-03393,44.98085,18.86950,0.6481545,1,True
syn-03394,87.64841,17.81652,0.7460898,1,True
syn-03395,33.54639,0.00000,0.5028483,0,True
syn-03396,60.74646,18.62942,0.4868316,0,True
syn-03397,46.68555,26.95325,0.6827313,1,True
syn-03398,18.96578,4.90233,0.2458972,0,True
syn-03399,89.72870,3.15312,0.9377818,1,True
syn-03400,75.12563,1.01553,0.6573648,1,True
syn-03401,38.28414,27.30315,0.3747548,1,True
syn-03402,91.94898,22.99037,0.5940700,1,True
syn-03403,95.00399,12.35736,0.1647481,1,True
syn-03404,23.39989,15.34310,0.4614700,1,True
syn-03405,20.73430,0.00000,0.4694094,0,True
syn-03406,17.85707,12.92447,0.8343699,1,True
syn-03407,10.85253,1.42491,0.4214787,1,True
syn-03408,14.64235,0.00000,0.6958548,1,True
syn-03409,40.72533,16.34545,0.7254853,0,True
syn-03410,30.90059,21.27428,0.6864356,0,True
syn-03411,33.84702,20.82153,0.7861535,1,True
syn-03412,140.00000,2.08280,0.2073873,1,True
syn-03413,13.99663,21.95356,0.4046317,0,True
syn-03414,16.68230,23.65499,0.4500624,0,True
syn-03415,82.27688,3.16599,0.4426689,0,True
syn-03416,39.33715,0.00000,0.1953915,0,True
syn-03417,71.89227,0.96356,0.7438963,1,True
syn-03418,16.59481,10.86445,0.6200424,0,True
syn-03419,40.54224,14.47085,0.5084312,0,True
syn-03420,25.29373,24.75725,0.6637211,0,True
syn-03421,29.07372,20.27777,0.3965743,0,True
syn-03422,23.08423,7.83630,0.2105426,0,True
syn-03423,20.66403,8.13728,0.4082711,0,True
syn-03424,27.50137,8.33017,0.2626165,0,True
syn-03425,8.74687,6.96961,0.9248103,0,True
syn-03426,66.84427,14.32000,0.7635941,1,True
syn-03427,41.47592,19.37119,0.6269611,0,True
syn-03428,53.28834,12.32359,0.6726471,1,True
syn-03429,16.40940,19.86537,0.9498999,1,True
syn-03430,24.45453,14.19299,0.9162541,0,True
syn-03431,3.69421,19.96832,0.4999535,0,True
syn-03432,133.74377,22.70627,0.3979043,1,True
syn-03433,32.55503,27.18765,0.3080026,0,True
syn-03434,46.90325,13.42228,0.9373801,1,True
syn-03435,8.96549,8.81812,0.6984515,0,True
syn-03436,16.61582,16.48646,0.3889139,0,True
syn-03437,36.78486,10.60064,0.7196784,0,True
syn-03438,19.26758,13.72649,0.5646856,0,True
syn-03439,32.66552,16.99415,0.4942891,0,True
syn-03440,91.45797,21.51756,0.3935743,0,True
syn-03441,29.86281,5.73692,0.6674745,0,True
syn-03442,5.83680,5.81824,0.5623164,0,True
syn-03443,22.45987,33.23863,0.5881188,0,True
syn-03444,19.72233,23.19739,0.3962986,0,True
syn-03445,38.54198,6.18094,0.3780878,0,True
syn-03446,89.83398,0.00000,0.6674341,1,True
syn-03447,47.38063,6.48808,0.6996769,1,True
syn-03448,23.64623,19.44151,0.7137991,0,True
syn-03449,30.83336,19.57040,0.7658489,0,True
syn-03450,30.27752,2.64886,0.7283909,1,True
syn-03451,10.23396,8.50105,0.3173719,0,True
syn-03452,56.83860,11.88723,0.7180314,0,True
syn-03453,37.97091,0.00000,0.5891303,0,True
syn-03454,9.60681,6.79598,0.2412352,0,True
syn-03455,46.47464,2.37362,0.6358315,0,True
syn-03456,30.15948,22.30677,0.6949168,0,True
syn-03457,84.86195,25.49695,0.4147903,0,True
syn-03458,43.78374,10.70720,0.7629751,1,True
syn-03459,20.50253,3.61883,0.5707694,0,True
syn-03460,10.56143,25.09543,0.8696267,0,True
syn-03461,40.56084,0.50669,0.4168834,1,True
syn-03462,7.34276,13.45894,0.8245046,0,True
syn-03463,97.85664,14.66860,0.8021615,1,True
syn-03464,63.34067,17.95103,0.7413812,1,True
syn-03465,30.06977,30.69122,0.4610940,0,True
syn-03466,41.48343,5.24155,0.7845731,1,True
syn-03467,17.09878,7.30255,0.8853809,1,True
syn-03468,7.29705,13.26909,0.2733092,0,True
syn-03469,28.76630,12.83705,0.2289091,0,True
syn-03470,45.78021,21.87506,0.4203112,0,True
syn-03471,18.98729,16.73408,0.7177579,0,True
syn-03472,85.21747,10.82275,0.6633629,1,True
syn-03473,27.62258,6.59690,0.4449299,1,True
syn-03474,10.93510,18.73523,0.4301227,0,True
syn-03475,48.66612,9.66870,0.6659594,1,True
syn-03476,80.00664,15.19532,0.7538163,1,True
syn-03477,9.39613,21.97895,0.6359521,0,True
syn-03478,45.71839,23.77390,0.7558109,0,True
syn-03479,61.15205,26.07269,0.2795981,0,True
syn-03480,21.74947,16.57185,0.4977852,0,True
syn-03481,31.53881,10.67482,0.5728136,0,True
syn-03482,44.55165,11.69753,0.5240139,1,True
syn-03483,3.98939,0.24829,0.6522701,0,True
syn-03484,25.14023,13.37328,0.7553104,1,True
syn-03485,27.81732,16.82265,0.6887515,0,True
syn-03486,16.31091,17.28519,0.4498526,0,True
syn-03487,18.04462,4.97525,0.1838234,0,True
syn-03488,9.65553,0.00000,0.6821507,1,True
syn-03489,56.70002,12.40468,0.6414172,0,True
syn-03490,22.57212,5.76154,0.2054972,0,True
syn-03491,25.48001,10.23291,0.7423665,1,True
syn-03492,50.26505,4.94382,0.4694720,0,True
syn-03493,15.68715,18.07700,0.9608729,1,True
syn-03494,53.54484,11.22455,0.8749236,1,True
syn-03495,0.95846,9.52236,0.9647781,0,True
syn-03496,33.15517,11.34659,0.7225389,0,True
syn-03497,45.93484,28.02255,0.0314456,0,True
syn-03498,33.95671,8.03267,0.3920396,1,True
syn-03499,55.93319,13.93080,0.5617938,0,True
syn-03500,26.47629,4.65594,0.5698040,0,True
syn-03501,2.90454,17.84415,0.7229469,0,True
syn-03502,15.53502,7.99493,0.3582424,0,True
syn-03503,30.69941,14.68339,0.8484042,0,True
syn-03504,17.02435,14.98708,0.8470079,0,True
syn-03505,27.78297,8.70222,0.6038041,0,True
syn-03506,47.98117,11.22415,0.5305052,0,True
syn-03507,33.94402,7.67590,0.9805088,1,True
syn-03508,72.77194,16.14375,0.5645201,0,True
syn-03509,60.41473,19.47905,0.5140421,0,True
syn-03510,7.98995,0.00000,0.6249877,0,True
syn-03511,34.29824,16.21046,0.7368008,1,True
syn-03512,29.75987,30.91392,0.8706130,0,True
syn-03513,80.96075,7.13489,0.5480559,1,True
syn-03514,7.50641,22.85572,0.7991548,0,True
syn-03515,32.44386,8.51223,0.5402516,0,True
syn-03516,51.02513,5.05016,0.1564347,1,True
syn-03517,13.48163,23.82817,0.7601756,0,True
syn-03518,34.27612,28.46242,0.5796621,0,True
syn-03519,8.77508,14.51017,0.7519370,0,True
syn-03520,29.81245,27.98109,0.4000147,0,True
syn-03521,21.00767,17.65104,0.2984632,0,True
syn-03522,1.41570,17.13580,0.5508589,0,True
syn-03523,62.28160,13.18679,0.3651958,0,True
syn-03524,21.50743,18.29234,0.2307825,0,True
syn-03525,39.75729,6.78461,0.7907676,1,True
syn-03526,23.90357,14.08824,0.4350147,0,True
syn-03527,25.82413,21.32386,0.2492625,0,True
syn-03528,45.39731,7.62646,0.2923225,0,True
syn-03529,35.33196,3.84444,0.6281169,1,True
syn-03530,47.10073,3.56963,0.1428713,1,True
syn-03531,46.44363,13.18377,0.7102912,0,True
syn-03532,52.37865,6.83844,0.4488065,0,True
syn-03533,30.74608,17.90631,0.4111666,0,True
syn-03534,69.60263,0.00000,0.3480515,1,True
syn-03535,112.72227,14.48069,0.1692562,1,True
syn-03536,48.34373,9.45413,0.8606155,1,True
syn-03537,9.90780,13.38552,0.3681351,0,True
syn-03538,35.55025,14.58891,0.7164605,0,True
syn-03539,28.30893,8.46845,0.5106527,1,True
syn-03540,39.07825,23.22277,0.5017721,0,True
syn-03541,90.43307,22.50042,0.3806508,0,True
syn-03542,19.74197,8.30470,0.3081826,0,True
syn-03543,7.30163,17.28928,0.8800673,0,True
syn-03544,56.02203,15.95607,0.4510002,1,True
syn-03545,58.53059,14.56486,0.8137564,0,True
syn-03546,46.39622,22.33571,0.7878942,0,True
syn-03547,19.77468,14.61192,0.7307442,0,True
syn-03548,34.45275,5.99888,0.8834828,0,True
syn-03549,25.63776,0.00000,0.4034393,0,True
syn-03550,51.93619,19.79398,0.5990534,0,True
syn-03551,19.56060,25.27889,0.3324025,0,True
syn-03552,87.10984,9.69178,0.4421541,1,True
syn-03553,24.72160,14.64111,0.8929648,0,True
syn-03554,74.71625,15.81872,0.7282223,1,True
syn-03555,98.15341,12.85217,0.4940771,1,True
syn-03556,7.92700,5.43758,0.7535756,0,True
syn-03557,58.73396,10.00119,0.5096375,0,True
syn-03558,89.45436,0.00000,0.7233430,1,True
syn-03559,0.56852,24.00623,0.5573139,0,True
syn-03560,52.04642,15.14597,0.8021036,1,True
syn-03561,45.67926,15.25907,0.5662459,1,True
syn-03562,56.33452,20.49909,0.9186001,0,True
syn-03563,46.76586,1.94555,0.3681351,0,True
syn-03564,47.65522,14.11917,0.4822330,1,True
syn-03565,48.81998,15.42578,0.3360339,0,True
syn-03566,55.91473,15.63221,0.4373114,0,True
syn-03567,7.82291,15.90296,0.5865741,0,True
syn-03568,27.14984,22.58119,0.3897943,0,True
syn-03569,64.97522,14.86208,0.5627187,1,True
syn-03570,47.70801,2.76282,0.2604173,1,True
syn-03571,90.22588,0.00000,0.3436418,1,True
syn-03572,43.41409,12.81015,0.8130102,0,True
syn-03573,56.73283,7.78113,0.8392507,1,True
syn-03574,40.07935,9.15902,0.5358469,0,True
syn-03575,7.84512,5.29783,0.7173857,0,True
syn-03576,32.22087,14.04418,0.5294204,0,True
syn-03577,81.78867,5.53770,0.3071584,0,True
syn-03578,15.78271,7.71265,0.5829259,0,True
syn-03579,24.82147,18.83098,0.6906264,1,True
syn-03580,12.70052,17.86459,0.1324473,0,True
syn-03581,62.03785,6.31856,0.8794967,1,True
syn-03582,135.92839,24.93605,0.7636685,1,True
syn-03583,37.28394,10.74664,0.8704444,0,True
syn-03584,35.65896,18.02427,0.1915858,0,True
syn-03585,56.07706,10.75717,0.8922685,0,True
syn-03586,16.71788,13.91717,0.3620648,0,True
syn-03587,20.92831,9.06742,0.4953701,0,True
syn-03588,63.41957,15.40312,0.5367609,1,True
syn-03589,15.09624,23.33934,0.6804854,0,True
syn-03590,5.63466,19.43680,0.5061479,0,True
syn-03591,42.88822,32.11231,0.3478912,0,True
syn-03592,33.83027,0.00000,0.6193379,0,True
syn-03593,43.69773,18.10769,0.6178269,0,True
syn-03594,28.57052,4.04064,0.5989643,0,True
syn-03595,35.99839,15.97746,0.6963570,0,True
syn-03596,11.53699,6.16595,0.5619947,0,True
syn-03597,52.71354,20.57603,0.4832374,0,True
syn-03598,47.00081,18.83349,0.2145146,0,True
syn-03599,40.27183,14.04957,0.4070921,0,True
syn-03600,48.09328,32.50466,0.2080378,0,True
syn-03601,51.85315,10.39652,0.4275992,1,True
syn-03602,20.71149,8.94029,0.5263538,0,True
syn-03603,82.09248,14.53936,0.5099825,1,True
syn-03604,25.19682,6.12092,0.6991439,1,True
syn-03605,30.98185,9.49174,0.4595639,0,True
syn-03606,71.39595,0.00000,0.0864672,1,True
syn-03607,45.42098,0.00000,0.3868934,0,True
syn-03608,84.82614,20.61687,0.8391373,1,True
syn-03609,61.84751,0.85470,0.9039366,0,True
syn-03610,47.43279,13.95186,0.9086137,1,True
syn-03611,7.16523,20.53616,0.4692454,0,True
syn-03612,2.54752,11.03814,0.7481700,0,True
syn-03613,33.85756,25.88167,0.7598139,0,True
syn-03614,27.88490,0.00000,0.2874343,1,True
syn-03615,10.37067,4.40767,0.8531060,1,True
syn-03616,36.86781,24.02113,0.8944976,0,True
syn-03617,1.65825,1.92313,0.6772967,0,True
syn-03618,65.23122,10.53590,0.4222358,0,True
syn-03619,73.64079,11.14194,0.8202894,1,True
syn-03620,7.52427,11.94930,0.5250015,0,True
syn-03621,29.60408,5.71071,0.5013666,0,True
syn-03622,50.17897,2.58169,0.7519802,1,True
syn-03623,59.72551,0.00000,0.8980792,1,True
syn-03624,63.36342,14.86067,0.3667820,1,True
syn-03625,29.86523,10.04536,0.4408134,0,True
syn-03626,99.78749,18.61500,0.9650622,1,True
syn-03627,140.00000,23.94163,0.5037616,1,True
syn-03628,40.93366,3.20856,0.7657944,1,True
syn-03629,80.92915,8.64409,0.3785063,1,True
syn-03630,6.33504,17.95958,0.3240336,0,True
syn-03631,29.67020,16.37905,0.5861548,0,True
syn-03632,20.40267,35.95223,0.6751181,0,True
syn-03633,9.38771,7.66380,0.7267277,0,True
syn-03634,25.24268,7.95244,0.3439677,0,True
syn-03635,50.62643,22.88110,0.7199655,1,True
syn-03636,24.54508,16.28244,0.2832559,0,True
syn-03637,75.58891,1.66669,0.2314696,1,True
syn-03638,70.72115,12.45235,0.9318171,1,True
syn-03639,28.05282,16.43176,0.6156377,0,True
syn-03640,16.20177,12.93906,0.7817855,0,True
syn-03641,25.76120,1.04651,0.4178617,0,True
syn-03642,63.62564,11.22254,0.7757404,1,True
syn-03643,18.09384,5.74738,0.7071685,0,True
syn-03644,55.53728,5.99454,0.4825694,0,True
syn-03645,42.40488,4.87090,0.7839156,1,True
syn-03646,140.00000,9.76248,0.8723779,1,True
syn-03647,90.16261,23.05021,0.2415301,1,True
syn-03648,19.13243,23.86504,0.7783036,0,True
syn-03649,10.19879,15.09968,0.6399438,0,True
syn-03650,38.47414,19.45854,0.3281876,0,True
syn-03651,49.71669,19.72749,0.7575477,1,True
syn-03652,8.98088,7.92064,0.7323682,1,True
syn-03653,39.92496,14.67521,0.7169541,0,True
syn-03654,34.86492,12.88203,0.3430850,0,True
syn-03655,10.38910,15.60608,0.5504938,0,True
syn-03656,85.33844,10.25479,0.4702980,1,True
syn-03657,27.35070,21.93932,0.3548853,0,True
syn-03658,21.19499,4.81554,0.8864365,1,True
syn-03659,34.06283,14.54295,0.2597853,0,True
syn-03660,30.09845,24.84292,0.6325603,0,True
syn-03661,13.19941,3.07260,0.6321176,0,True
syn-03662,17.14048,0.63082,0.2662046,1,True
syn-03663,13.00879,15.84201,0.5899950,0,True
syn-03664,67.38754,20.92030,0.2570407,0,True
syn-03665,60.17001,21.05767,0.4979730,1,True
syn-03666,22.60631,0.00000,0.5048258,1,True
syn-03667,110.48760,8.24165,0.3512523,1,True
syn-03668,70.75550,14.91533,0.5458587,1,True
syn-03669,22.16435,1.53705,0.6544749,1,True
syn-03670,38.37557,5.57674,0.9044292,1,True
syn-03671,23.29217,36.33224,0.8624783,0,True
syn-03672,20.69594,12.62479,0.4554947,1,True
syn-03673,75.10522,11.22958,0.7951134,0,True
syn-03674,32.53687,25.57857,0.1362749,0,True
syn-03675,55.17991,14.92008,0.7579656,0,True
syn-03676,88.47153,15.39427,0.2568513,0,True
syn-03677,29.73546,9.57651,0.6759508,0,True
syn-03678,24.48264,17.15055,0.4070242,0,True
syn-03679,24.25485,23.20489,0.5397356,0,True
syn-03680,12.58255,15.58691,0.4446529,0,True
syn-03681,48.68913,18.42028,0.7662058,1,True
syn-03682,29.78841,23.89710,0.6964775,1,True
syn-03683,10.87444,5.43349,0.8250595,1,True
syn-03684,76.02850,0.76364,0.8625594,1,True
syn-03685,39.37076,15.13882,0.7117319,0,True
syn-03686,75.57691,7.66441,0.4018166,0,True
syn-03687,10.98052,18.92321,0.4588156,0,True
syn-03688,30.13453,16.07818,0.7683207,1,True
syn-03689,11.78349,21.25909,0.7430708,0,True
syn-03690,100.67323,10.06416,0.4914166,1,True
syn-03691,60.27639,12.12103,0.4202683,1,True
syn-03692,45.61671,16.99741,0.8556749,1,True
syn-03693,7.82761,0.00000,0.9046614,0,True
syn-03694,34.12007,20.36592,0.2305569,0,True
syn-03695,50.80092,3.71064,0.5474981,1,True
syn-03696,30.62691,5.24779,0.6699556,1,True
syn-03697,19.24354,17.22805,0.7963609,0,True
syn-03698,7.61447,14.21955,0.3946879,0,True
syn-03699,53.48148,14.09822,0.7642895,1,True
syn-03700,25.60182,25.49663,0.6076295,0,True
syn-03701,12.97542,20.20359,0.5998878,0,True
syn-03702,42.29729,12.45218,0.7601224,0,True
syn-03703,46.45313,12.02497,0.5901570,0,True
syn-03704,26.78833,6.52039,0.8638426,0,True
syn-03705,77.70394,0.12598,0.3244218,1,True
syn-03706,25.85982,0.00000,0.6536861,1,True
syn-03707,15.79149,0.00000,0.4768448,1,True
syn-03708,59.56656,12.60737,0.6109246,1,True
syn-03709,18.29800,17.91078,0.7829726,0,True
syn-03710,70.14529,7.04897,0.6001217,1,True
syn-03711,22.33151,2.42885,0.7095997,1,True
syn-03712,12.83916,0.00000,0.4262601,0,True
syn-03713,78.34324,19.65209,0.5135247,0,True
syn-03714,55.10845,0.00000,0.4899714,1,True
syn-03715,58.97295,24.43306,0.3045534,0,True
syn-03716,13.00420,2.33460,0.2870258,0,True
syn-03717,48.52514,19.60093,0.4384486,1,True
syn-03718,30.61491,14.48385,0.9277480,1,True
syn-03719,67.06287,21.50072,0.3692176,0,True
syn-03720,11.26966,24.10911,0.8055745,0,True
syn-03721,42.88923,18.05948,0.8482304,0,True
syn-03722,29.09994,0.00000,0.6303043,1,True
syn-03723,119.93944,6.63775,0.1361438,1,True
syn-03724,36.65224,10.21137,0.4679319,0,True
syn-03725,18.77971,15.71313,0.6385691,0,True
syn-03726,46.90528,7.63450,0.6878311,1,True
syn-03727,50.12737,3.83587,0.7986240,1,True
syn-03728,27.99265,15.14613,0.5496313,0,True
syn-03729,47.29723,10.79390,0.4378494,0,True
syn-03730,39.65291,0.00000,0.3181993,0,True
syn-03731,111.61359,14.99845,0.5820037,1,True
syn-03732,140.00000,21.17920,0.6528379,1,True
syn-03733,3.78486,18.72212,0.3603154,0,True
syn-03734,6.09327,16.24220,0.2613211,0,True
syn-03735,12.12079,14.98474,0.5599441,0,True
syn-03736,61.16759,15.82742,0.5207174,1,True
syn-03737,41.30405,22.02167,0.5949728,0,True
syn-03738,26.03135,11.10574,0.7268420,0,True
syn-03739,42.09890,19.69945,0.2251700,0,True
syn-03740,17.64867,1.74442,0.6956413,0,True
syn-03741,36.56165,0.00000,0.4766188,0,True
syn-03742,44.53635,3.45748,0.4906759,0,True
syn-03743,140.00000,13.05985,0.2633619,1,True
syn-03744,55.69330,9.89884,0.6210335,1,True
syn-03745,35.19238,2.96003,0.7107384,0,True
syn-03746,10.86366,25.72780,0.5080086,0,True
syn-03747,51.83802,19.33967,0.2605020,0,True
syn-03748,63.12688,2.57004,0.7646398,1,True
syn-03749,28.86843,12.36219,0.8824990,1,True
syn-03750,1.41515,12.05366,0.3360342,0,True
syn-03751,53.94123,0.00000,0.6415786,1,True
syn-03752,38.22494,19.89916,0.7793798,1,True
syn-03753,23.90451,7.42839,0.8980801,1,True
syn-03754,15.38910,9.85863,0.8164778,1,True
syn-03755,10.45820,23.57812,0.1468445,0,True
syn-03756,43.79504,22.55786,0.5913909,0,True
syn-03757,25.46856,11.34256,0.9078714,0,True
syn-03758,22.13444,9.88034,0.3132327,0,True
syn-03759,69.11517,4.81627,0.3331719,1,True
syn-03760,56.22924,22.64343,0.7540641,0,True
syn-03761,29.29198,5.51656,0.6677345,1,True
syn-03762,45.19468,12.64990,0.6626217,1,True
syn-03763,36.66017,21.61992,0.4316050,1,True
syn-03764,12.85388,22.14674,0.7653825,0,True
syn-03765,33.19989,15.70536,0.6995811,0,True
syn-03766,84.28185,9.04585,0.4376694,1,True
syn-03767,10.12449,8.06451,0.5954782,0,True
syn-03768,68.93462,12.15573,0.7050964,1,True
syn-03769,75.22881,23.94053,0.8773934,1,True
syn-03770,81.39392,3.24511,0.4522189,1,True
syn-03771,26.36530,29.70507,0.5626915,0,True
syn-03772,134.88075,3.94899,0.3652270,0,True
syn-03773,43.56297,10.47925,0.3173816,0,True
syn-03774,46.48689,16.65208,0.8392512,1,True
syn-03775,53.06072,0.00000,0.7912524,1,True
syn-03776,41.54887,6.66774,0.1658171,0,True
syn-03777,64.56107,27.43920,0.6674963,0,True
syn-03778,32.17324,9.11100,0.3725437,0,True
syn-03779,100.78481,18.34082,0.3206381,1,True
syn-03780,106.74995,6.25643,0.5634388,1,True
syn-03781,66.47048,16.56316,0.1191657,1,True
syn-03782,42.51931,25.25663,0.6538903,0,True
syn-03783,140.00000,18.94075,0.4477113,1,True
syn-03784,10.89406,13.03421,0.4121395,0,True
syn-03785,40.57277,8.56421,0.8357030,1,True
syn-03786,14.44227,14.41559,0.7536660,0,True
syn-03787,69.18124,19.54157,0.8570892,0,True
syn-03788,11.82101,10.82121,0.2696783,0,True
syn-03789,29.62013,15.20666,0.7796785,0,True
syn-03790,5.46599,7.04889,0.6701422,1,True
syn-03791,48.19340,14.13966,0.1726466,0,True
syn-03792,20.25451,10.82374,0.2961314,0,True
syn-03793,19.18999,3.30179,0.1157503,0,True
syn-03794,38.98506,14.67561,0.7991177,1,True
syn-03795,38.20790,7.62926,0.4231406,0,True
syn-03796,53.77768,16.50015,0.6399214,1,True
syn-03797,14.47315,29.03662,0.5519353,0,True
syn-03798,34.47859,9.01047,0.8630294,0,True
syn-03799,39.07795,14.76539,0.9404292,1,True
syn-03800,26.30339,6.36083,0.6026139,0,True
syn-03801,56.55953,17.25524,0.8688961,0,True
syn-03802,15.11145,21.50581,0.4061078,0,True
syn-03803,41.11277,15.56838,0.0756694,0,True
syn-03804,38.71791,8.48913,0.4032314,0,True
syn-03805,3.95627,6.46227,0.2982174,0,True
syn-03806,40.40388,13.70716,0.8456253,1,True
syn-03807,48.01914,6.53588,0.6094606,1,True
syn-03808,32.61706,3.40391,0.6145934,1,True
syn-03809,32.08173,1.74275,0.3691469,0,True
syn-03810,120.24685,3.93006,0.6898100,1,True
syn-03811,46.19554,0.00000,0.7994731,1,True
syn-03812,60.53202,18.56809,0.3477278,1,True
syn-03813,40.88607,13.28907,0.4468121,0,True
syn-03814,38.69628,7.14864,0.6570742,1,True
syn-03815,2.80826,13.94764,0.3689800,0,True
syn-03816,104.12601,4.83792,0.9217036,1,True
syn-03817,15.47686,24.16216,0.3059823,0,True
syn-03818,20.49178,39.48322,0.2205896,0,True
syn-03819,84.89828,14.61637,0.5906898,1,True
syn-03820,11.55677,17.25988,0.5138492,0,True
syn-03821,42.69293,15.40505,0.3835886,0,True
syn-03822,79.68858,14.98754,0.3888251,1,True
syn-03823,7.74722,27.40810,0.2936436,0,True
syn-03824,23.08207,13.33533,0.2420273,0,True
syn-03825,35.96887,2.82667,0.9732110,1,True
syn-03826,48.60773,7.02640,0.8697109,1,True
syn-03827,14.94377,12.80672,0.2447866,0,True
syn-03828,25.78936,5.78797,0.4882242,0,True
syn-03829,11.01234,17.12683,0.5325735,0,True
syn-03830,17.40411,15.56199,0.8530204,0,True
syn-03831,20.40479,20.81007,0.9406804,1,True
syn-03832,95.83874,27.02828,0.5234107,1,True
syn-03833,14.15904,0.00000,0.1982487,1,True
syn-03834,77.33192,3.15151,0.2507825,1,True
syn-03835,28.93649,18.00605,0.6889879,0,True
syn-03836,53.79190,9.73366,0.8810472,1,True
syn-03837,39.27468,0.00000,0.7460505,1,True
syn-03838,24.69042,6.06082,0.3363833,0,True
syn-03839,22.56139,15.85861,0.9047931,1,True
syn-03840,28.64548,19.45615,0.2991572,0,True
syn-03841,1.39265,18.43861,0.8327693,0,True
syn-03842,103.10783,9.02784,0.5543553,1,True
syn-03843,16.71767,8.77859,0.8057259,1,True
syn-03844,20.35081,0.00000,0.1163081,0,True
syn-03845,64.08939,4.06623,0.4649834,0,True
syn-03846,8.83555,14.26663,0.3595455,0,True
syn-03847,28.95004,18.54339,0.6432926,0,True
syn-03848,2.34427,4.51918,0.4147292,0,True
syn-03849,58.03236,10.22743,0.5472544,0,True
syn-03850,33.56647,6.30046,0.5399792,1,True
syn-03851,39.79047,32.15581,0.6139727,0,True
syn-03852,111.27860,2.74689,0.3251725,1,True
syn-03853,3.80507,15.59114,0.2560275,0,True
syn-03854,44.33270,8.82711,0.5611925,0,True
syn-03855,20.51815,14.08439,0.8833940,0,True
syn-03856,13.58494,11.87714,0.7339840,0,True
syn-03857,7.86731,12.23421,0.8639095,0,True
syn-03858,6.38399,10.80602,0.5058229,0,True
syn-03859,30.15530,14.33920,0.5702433,1,True
syn-03860,86.76331,5.42200,0.9328830,1,True
syn-03861,48.80244,16.99816,0.8121412,0,True
syn-03862,16.22139,14.29723,0.2254390,0,True
syn-03863,34.27868,0.00000,0.3161927,0,True
syn-03864,53.66568,15.85330,0.8282320,1,True
syn-03865,9.04655,28.26594,0.5121209,0,True
syn-03866,46.84089,13.28269,0.2379480,0,True
syn-03867,103.21757,0.00000,0.5800578,1,True
syn-03868,80.14058,4.54536,0.5912009,1,True
syn-03869,61.40882,11.77410,0.6471702,1,True
syn-03870,104.84509,7.81326,0.0851380,0,True
syn-03871,33.17283,12.53302,0.7682812,0,True
syn-03872,45.36789,19.21826,0.4409602,1,True
syn-03873,22.56890,39.61175,0.7888836,0,True
syn-03874,91.29491,0.00000,0.5559335,1,True
syn-03875,16.82736,6.29789,0.6172945,1,True
syn-03876,92.58326,14.61979,0.4642376,1,True
syn-03877,33.81037,4.15621,0.4604503,0,True
syn-03878,70.67756,12.32024,0.5118524,1,True
syn-03879,72.93719,1.61725,0.3181539,1,True
syn-03880,25.81067,1.80403,0.5502789,0,True
syn-03881,14.13816,5.27512,0.7577456,1,True
syn-03882,13.28194,23.62227,0.7082750,1,True
syn-03883,30.67904,26.07652,0.4491035,0,True
syn-03884,79.36659,4.21771,0.4371417,1,True
syn-03885,51.80538,0.00000,0.6538338,1,True
syn-03886,29.07962,0.00000,0.6415865,0,True
syn-03887,71.28857,25.29698,0.3722512,1,True
syn-03888,18.74795,8.13893,0.4332085,1,True
syn-03889,114.64576,11.73482,0.8059807,1,True
syn-03890,58.03658,18.68370,0.4047519,0,True
syn-03891,34.96723,20.64790,0.6142960,0,True
syn-03892,24.89496,21.89325,0.7609126,0,True
syn-03893,8.54301,11.69317,0.6366023,0,True
syn-03894,47.81868,13.39140,0.1026896,1,True
syn-03895,112.23524,23.14742,0.5639319,1,True
syn-03896,40.38507,9.52972,0.5482058,0,True
syn-03897,77.31950,2.11950,0.4375747,1,True
syn-03898,99.13192,13.27555,0.4516847,1,True
syn-03899,36.96896,13.58042,0.5374801,1,True
syn-03900,6.48405,25.07171,0.7781109,0,True
syn-03901,51.65745,13.48677,0.6546215,1,True
syn-03902,37.27180,19.64521,0.9535865,0,True
syn-03903,38.07172,14.72815,0.8500825,0,True
syn-03904,84.04970,4.78908,0.4573862,1,True
syn-03905,71.33234,2.90545,0.6749818,1,True
syn-03906,27.74888,35.68281,0.5022796,0,True
syn-03907,62.19397,6.12338,0.6531426,1,True
syn-03908,39.31193,21.70720,0.5787329,0,True
syn-03909,36.40810,17.00652,0.5471481,1,True
syn-03910,29.42297,16.68598,0.3101289,0,True
syn-03911,82.53200,0.70435,0.6784207,1,True
syn-03912,66.95026,0.27460,0.6312523,1,True
syn-03913,115.55921,11.84758,0.6676347,1,True
syn-03914,11.06282,5.73425,0.4816168,0,True
syn-03915,39.25082,13.63168,0.3323950,0,True
syn-03916,62.68457,23.11038,0.5403718,1,True
syn-03917,24.54981,15.20974,0.8826860,0,True
syn-03918,10.56460,25.96855,0.4309434,0,True
syn-03919,3.74801,12.12592,0.7444012,0,True
syn-03920,23.13597,11.92615,0.4983258,0,True
syn-03921,23.88008,11.68427,0.4736429,1,True
syn-03922,32.09666,4.29779,0.7034709,1,True
syn-03923,18.29586,14.08403,0.3680999,0,True
syn-03924,34.43918,28.31872,0.4695140,0,True
syn-03925,21.76102,16.61987,0.6311145,0,True
syn-03926,82.87718,21.93439,0.5775501,0,True
syn-03927,45.53835,19.80617,0.6231440,0,True
syn-03928,22.12855,22.85194,0.2665366,0,True
syn-03929,9.29114,8.07606,0.1613528,0,True
syn-03930,20.05686,10.63680,0.5588248,0,True
syn-03931,28.23029,9.59380,0.6349689,0,True
syn-03932,34.22525,17.77810,0.7922989,0,True
syn-03933,66.17412,0.00000,0.8758980,1,True
syn-03934,32.49501,1.81353,0.5745966,1,True
syn-03935,58.43776,17.93474,0.9341063,0,True
syn-03936,31.71095,14.69926,0.6690692,0,True
syn-03937,7.83004,7.56169,0.7561376,0,True
syn-03938,30.71419,0.00000,0.3112561,0,True
syn-03939,80.88445,12.05482,0.3557669,1,True
syn-03940,23.65184,18.14858,0.5800931,0,True
syn-03941,26.74734,0.00000,0.6466103,1,True
syn-03942,61.64223,9.66046,0.7049922,1,True
syn-03943,36.11017,28.55231,0.8960003,0,True
syn-03944,23.32782,9.81700,0.4883499,1,True
syn-03945,50.56501,4.27626,0.6203122,1,True
syn-03946,26.55731,17.74495,0.4296902,0,True
syn-03947,48.51593,15.15060,0.5091200,0,True
syn-03948,13.52530,6.98826,0.7585630,1,True
syn-03949,31.38914,5.32319,0.3230988,0,True
syn-03950,23.86933,12.12567,0.6316479,0,True
syn-03951,31.52110,17.69611,0.4340831,0,True
syn-03952,37.67713,23.35139,0.6586249,0,True
syn-03953,77.83399,9.63783,0.7891810,1,True
syn-03954,9.94375,6.94333,0.7144800,0,True
syn-03955,68.02738,24.07773,0.7023692,1,True
syn-03956,91.68731,13.25049,0.9020660,1,True
syn-03957,33.86887,5.04472,0.8270997,0,True
syn-03958,36.09475,15.00007,0.8694890,1,True
syn-03959,14.23470,17.28878,0.5462332,0,True
syn-03960,30.35176,7.45262,0.5776417,0,True
syn-03961,10.56458,4.83111,0.9639921,1,True
syn-03962,41.26473,20.04080,0.2821966,0,True
syn-03963,25.72011,7.12242,0.6824175,0,True
syn-03964,42.46174,20.75600,0.8779864,1,True
syn-03965,37.48906,20.27295,0.5955122,0,True
syn-03966,26.47941,7.26896,0.9368280,0,True
syn-03967,140.00000,0.00000,0.5732354,1,True
syn-03968,56.34456,0.00000,0.6726310,1,True
syn-03969,48.72996,9.75106,0.3708141,0,True
syn-03970,27.72129,8.00599,0.3917457,0,True
syn-03971,31.82923,0.00000,0.5512696,0,True
syn-03972,12.25778,21.00289,0.5276834,0,True
syn-03973,45.73357,3.44582,0.9030258,1,True
syn-03974,19.98210,0.00000,0.4555365,0,True
syn-03975,48.39284,1.01315,0.7269768,1,True
syn-03976,71.02059,22.88901,0.5698187,0,True
syn-03977,64.56095,19.32635,0.5068298,0,True
syn-03978,69.17714,24.31750,0.3117009,0,True
syn-03979,20.36118,19.52784,0.9013776,0,True
syn-03980,55.68264,21.79719,0.5524371,0,True
syn-03981,40.61613,21.73453,0.6233957,0,True
syn-03982,27.47148,18.82026,0.4060571,0,True
syn-03983,28.85416,9.99731,0.6492543,0,True
syn-03984,75.91085,18.07441,0.6372060,1,True
syn-03985,55.64996,12.19045,0.3826841,0,True
syn-03986,17.08873,19.80443,0.4171745,0,True
syn-03987,39.33397,5.54883,0.4631929,0,True
syn-03988,45.20975,0.55036,0.7257612,1,True
syn-03989,67.32982,21.48417,0.2986608,0,True
syn-03990,27.34594,14.99732,0.8075591,0,True
syn-03991,89.19652,1.20071,0.6691635,1,True
syn-03992,49.73405,8.71605,0.5224541,1,True
syn-03993,0.78263,7.85381,0.8379575,1,True
syn-03994,87.83811,9.12559,0.2932000,1,True
syn-03995,30.33050,0.98738,0.4127463,0,True
syn-03996,32.65697,0.00000,0.9229484,0,True
syn-03997,60.15977,24.16735,0.5031449,1,True
syn-03998,28.13600,8.67743,0.9295698,1,True
syn-03999,29.96040,8.57499,0.2984393,1,True
syn-04000,48.23454,0.00000,0.4847970,1,True
syn-04001,61.72483,0.00000,0.4872508,1,True
syn-04002,64.17506,6.51485,0.5664992,1,True
syn-04003,61.94881,6.46034,0.7734245,1,True
syn-04004,72.84944,15.61461,0.8737721,1,True
syn-04005,28.94504,13.57647,0.6494091,1,True
syn-04006,19.23453,11.38975,0.2721247,0,True
syn-04007,12.65699,20.02600,0.5728338,0,True
syn-04008,13.17739,19.16673,0.5333613,0,True
syn-04009,47.43433,0.00000,0.5130957,1,True
syn-04010,22.24369,27.88812,0.7374420,0,True
syn-04011,35.33332,4.15375,0.2243056,0,True
syn-04012,58.76145,8.96873,0.6360194,0,True
syn-04013,29.19328,12.61512,0.2770538,0,True
syn-04014,72.54184,3.65192,0.7507085,1,True
syn-04015,107.61517,9.90262,0.6351756,1,True
syn-04016,65.42699,13.71178,0.7372330,1,True
syn-04017,26.47562,28.71990,0.8216663,1,True
syn-04018,37.44190,0.00000,0.6131148,0,True
syn-04019,23.91940,19.35637,0.9067847,1,True
syn-04020,35.16447,0.30577,0.9851616,1,True
syn-04021,33.80161,0.00000,0.1867876,0,True
syn-04022,70.14910,0.00000,0.7111783,0,True
syn-04023,45.15082,8.90707,0.3216705,0,True
syn-04024,51.18901,2.66144,0.9445542,1,True
syn-04025,48.47166,27.43380,0.1292595,0,True
syn-04026,140.00000,14.75129,0.5350075,1,True
syn-04027,71.03431,26.33247,0.2115481,0,True
syn-04028,3.42598,13.63806,0.1821943,0,True
syn-04029,34.04081,21.55875,0.6265215,0,True
syn-04030,39.45292,14.70643,0.3894762,0,True
syn-04031,56.73254,18.87459,0.7903749,1,True
syn-04032,40.03137,20.40981,0.8358617,1,True
syn-04033,5.77775,22.84048,0.5302922,0,True
syn-04034,53.62334,0.00000,0.3739071,1,True
syn-04035,83.58619,21.02917,0.3126069,0,True
syn-04036,115.17953,22.46327,0.4058478,1,True
syn-04037,75.53356,13.65697,0.8982940,1,True
syn-04038,63.71866,17.87638,0.8197597,1,True
syn-04039,68.01989,20.61239,0.5682999,0,True
syn-04040,65.30206,24.01357,0.6679278,1,True
syn-04041,27.38740,0.00000,0.5753037,1,True
syn-04042,44.20704,22.85362,0.3556162,0,True
syn-04043,140.00000,10.07762,0.8442142,1,True
syn-04044,57.91267,5.17195,0.9585292,1,True
syn-04045,24.74565,22.27518,0.4884894,0,True
syn-04046,44.56876,17.98407,0.6358956,1,True
syn-04047,8.63202,1.37262,0.8634790,1,True
syn-04048,3.16359,0.00000,0.8514095,0,True
syn-04049,17.44689,15.22656,0.7910311,0,True
syn-04050,10.56123,6.18264,0.0516146,0,True
syn-04051,16.46888,12.56082,0.4533263,0,True
syn-04052,20.35454,14.42803,0.4078868,0,True
syn-04053,12.28282,9.43034,0.7287920,0,True
syn-04054,44.78033,21.50633,0.6014652,0,True
syn-04055,70.76413,32.35516,0.8140572,1,True
syn-04056,92.15211,17.22182,0.5119858,1,True
syn-04057,55.31526,0.00000,0.5495409,1,True
syn-04058,34.90827,9.33652,0.5830913,0,True
syn-04059,30.78048,6.69773,0.5904667,1,True
syn-04060,69.78013,20.49193,0.4643242,0,True
syn-04061,57.69837,23.38935,0.6483364,0,True
syn-04062,49.24048,4.43928,0.4476387,0,True
syn-04063,74.73430,8.04559,0.6377077,1,True
syn-04064,10.00347,6.53572,0.3495676,0,True
syn-04065,50.84346,4.44767,0.7276728,1,True
syn-04066,14.37335,21.73067,0.4490918,0,True
syn-04067,49.00529,18.42612,0.6925967,0,True
syn-04068,27.96336,16.60342,0.5369262,0,True
syn-04069,39.36637,0.00000,0.6545016,1,True
syn-04070,93.57390,23.98004,0.8152418,1,True
syn-04071,22.79531,6.94166,0.5474023,0,True
syn-04072,12.22701,20.35930,0.5477671,0,True
syn-04073,51.70883,9.57041,0.7864290,1,True
syn-04074,34.69111,16.17704,0.7956414,0,True
syn-04075,29.35519,9.03916,0.6620136,1,True
syn-04076,6.14419,11.30381,0.8211904,1,True
syn-04077,21.49212,32.51315,0.8285189,0,True
syn-04078,69.03453,10.22021,0.4676607,1,True
syn-04079,44.74965,20.21517,0.3006155,0,True
syn-04080,33.40159,5.69929,0.5834818,0,True
syn-04081,40.69852,26.22864,0.6097681,0,True
syn-04082,87.19202,32.63795,0.2667488,0,True
syn-04083,16.18455,8.66390,0.8160368,0,True
syn-04084,35.99708,18.12431,0.8181196,0,True
syn-04085,51.34094,32.08109,0.5553443,0,True
syn-04086,38.00800,25.32172,0.7771218,0,True
syn-04087,29.34160,5.26413,0.4100576,0,True
syn-04088,9.78043,27.18333,0.3770756,0,True
syn-04089,71.90504,11.79139,0.8485087,1,True
syn-04090,88.25757,4.02741,0.8820006,1,True
syn-04091,18.00049,13.01538,0.8567585,0,True
syn-04092,31.85858,5.99718,0.8120219,0,True
syn-04093,41.83679,18.52534,0.7266786,0,True
syn-04094,32.22815,18.82682,0.5792143,0,True
syn-04095,16.94199,8.71167,0.7911557,1,True
syn-04096,31.35752,15.10596,0.8483992,1,True
syn-04097,23.95652,3.33743,0.6801940,1,True
syn-04098,58.37059,0.00000,0.7273201,1,True
syn-04099,89.51247,21.35659,0.7247682,1,True
syn-04100,25.94742,12.64405,0.2471707,0,True
syn-04101,39.27146,19.38651,0.7042577,0,True
syn-04102,35.96509,19.82336,0.7192095,0,True
syn-04103,11.44113,14.66477,0.8340264,0,True
syn-04104,32.92332,28.84568,0.5243955,0,True
syn-04105,25.34033,11.95215,0.6703948,0,True
syn-04106,75.94894,18.77665,0.9110667,1,True
syn-04107,37.37446,15.00675,0.0923358,0,True
syn-04108,8.40144,13.38243,0.7497206,0,True
syn-04109,1.16805,1.51286,0.3392427,0,True
syn-04110,94.36521,24.12304,0.5251188,1,True
syn-04111,14.55198,6.24092,0.7716032,0,True
syn-04112,27.30176,21.23622,0.5724688,0,True
syn-04113,106.90648,20.74016,0.6315561,1,True
syn-04114,29.53277,22.42153,0.3916256,1,True
syn-04115,6.69954,17.10741,0.1868667,0,True
syn-04116,23.17891,4.07080,0.3018495,0,True
syn-04117,136.35654,0.00000,0.0572167,1,True
syn-04118,59.69553,20.66172,0.7706643,0,True
syn-04119,34.19307,0.00000,0.7939399,1,True
syn-04120,50.19621,3.11265,0.8823517,1,True
syn-04121,32.75461,6.40360,0.5600817,0,True
syn-04122,51.92649,16.27807,0.8341264,1,True
syn-04123,15.62007,2.47602,0.6097546,0,True
syn-04124,19.13017,14.70211,0.7966577,0,True
syn-04125,93.52682,7.25985,0.6960991,1,True
syn-04126,38.98980,11.84941,0.5400146,0,True
syn-04127,8.20730,23.55068,0.8582231,0,True
syn-04128,117.15573,5.36163,0.2931547,1,True
syn-04129,77.12956,20.81354,0.2913655,0,True
syn-04130,13.81575,24.63087,0.6145367,0,True
syn-04131,94.70203,12.35732,0.5761675,1,True
syn-04132,84.42116,0.45785,0.7189923,0,True
syn-04133,23.46751,13.42403,0.5203445,0,True
syn-04134,35.44713,12.61650,0.8101956,1,True
syn-04135,45.65907,13.18375,0.6613637,1,True
syn-04136,33.43404,0.00000,0.6209032,0,True
syn-04137,20.75295,6.76880,0.5951132,0,True
syn-04138,77.91820,0.00000,0.3406441,1,True
syn-04139,20.86460,18.79106,0.5881184,0,True
syn-04140,38.03972,29.00839,0.8935890,0,True
syn-04141,10.83461,0.00000,0.4170388,0,True
syn-04142,17.37264,27.35990,0.6466936,0,True
syn-04143,15.57012,11.84781,0.4159107,0,True
syn-04144,51.97818,27.65237,0.5884702,0,True
syn-04145,37.58655,25.58428,0.5016699,0,True
syn-04146,36.99046,3.36219,0.0542010,0,True
syn-04147,52.78634,11.62452,0.7202166,1,True
syn-04148,66.58009,6.48736,0.4851358,1,True
syn-04149,55.94311,3.37824,0.7368603,1,True
syn-04150,72.90420,16.45648,0.6051918,1,True
syn-04151,53.58048,11.83066,0.5100321,0,True
syn-04152,7.48087,31.32971,0.8738494,0,True
syn-04153,20.56079,9.13662,0.5059954,0,True
syn-04154,11.59447,17.44120,0.8588592,0,True
syn-04155,61.64610,18.82030,0.5111500,1,True
syn-04156,11.51439,15.36071,0.4746241,0,True
syn-04157,70.82679,5.01680,0.2447757,0,True
syn-04158,41.47698,0.00000,0.8967050,1,True
syn-04159,21.92527,14.50933,0.7788444,0,True
syn-04160,89.37630,6.66900,0.5055465,1,True
syn-04161,51.86872,8.36180,0.3431036,1,True
syn-04162,61.68486,22.16529,0.4335360,0,True
syn-04163,32.92294,25.20402,0.3678209,0,True
syn-04164,73.44319,6.32482,0.5327497,1,True
syn-04165,30.18258,11.35078,0.6407654,0,True
syn-04166,37.33077,9.04901,0.6720893,0,True
syn-04167,21.34453,22.68703,0.1649925,0,True
syn-04168,78.35159,6.41918,0.8984962,1,True
syn-04169,69.10985,2.98597,0.8151333,1,True
syn-04170,42.02627,15.43266,0.2630159,1,True
syn-04171,30.81447,31.41108,0.2394671,0,True
syn-04172,44.76943,16.63206,0.8012372,0,True
syn-04173,18.57841,18.04290,0.5038643,0,True
syn-04174,60.86056,9.22154,0.7556875,1,True
syn-04175,13.45741,0.00000,0.6352653,0,True
syn-04176,8.82938,15.11427,0.8482922,0,True
syn-04177,12.75650,6.41135,0.4594600,0,True
syn-04178,34.13046,22.24611,0.5326155,0,True
syn-04179,140.00000,13.27392,0.7143610,1,True
syn-04180,33.70991,0.00000,0.5851867,1,True
syn-04181,78.17677,20.33842,0.5426102,0,True
syn-04182,1.71411,9.56273,0.7763323,0,True
syn-04183,65.86427,18.56001,0.8511007,1,True
syn-04184,29.70148,12.82972,0.5599877,1,True
syn-04185,64.54594,0.00000,0.3836695,1,True
syn-04186,49.77078,29.18881,0.7237135,1,True
syn-04187,105.89941,6.15070,0.5703435,1,True
syn-04188,29.29063,24.79938,0.8176823,1,True
syn-04189,40.51199,15.85704,0.6068423,0,True
syn-04190,72.36456,14.14265,0.8119364,1,True
syn-04191,12.22514,21.73847,0.8085792,0,True
syn-04192,39.56857,17.88830,0.4400025,0,True
syn-04193,35.17100,22.29834,0.7870585,1,True
syn-04194,19.11090,15.28666,0.9899696,0,True
syn-04195,26.64553,13.75644,0.3818997,0,True
syn-04196,18.20571,19.53555,0.9246942,0,True
syn-04197,14.22009,7.21610,0.6565975,1,True
syn-04198,18.19879,1.25753,0.4476793,1,True
syn-04199,41.65805,10.34088,0.3890065,0,True
syn-04200,69.82847,0.00000,0.4975548,1,True
syn-04201,140.00000,7.76309,0.4134598,1,True
syn-04202,47.64256,0.00000,0.6980020,0,True
syn-04203,12.34689,5.13734,0.6247991,0,True
syn-04204,9.55123,18.22221,0.7790473,0,True
syn-04205,38.93576,18.68323,0.6801376,0,True
syn-04206,24.12767,18.45984,0.7659954,1,True
syn-04207,83.49641,3.16748,0.6814580,1,True
syn-04208,67.01303,20.16352,0.4199771,0,True
syn-04209,84.92331,3.30032,0.5179529,1,True
syn-04210,109.34306,10.19058,0.2249843,1,True
syn-04211,53.10742,10.35470,0.8198450,0,True
syn-04212,71.24883,6.30738,0.6609702,1,True
syn-04213,48.35345,6.90746,0.7124043,0,True
syn-04214,59.89371,15.29526,0.3204944,0,True
syn-04215,65.10195,0.44904,0.4827957,1,True
syn-04216,41.39840,20.79255,0.2698411,0,True
syn-04217,27.89402,10.80439,0.7013038,1,True
syn-04218,4.88586,14.04873,0.2416181,0,True
syn-04219,26.12472,17.60993,0.4866461,0,True
syn-04220,79.96587,1.38895,0.8518240,1,True
syn-04221,9.10379,20.62229,0.6535819,0,True
syn-04222,22.16991,27.42028,0.9418588,0,True
syn-04223,64.96172,12.19834,0.5104542,1,True
syn-04224,35.65136,9.05599,0.3826995,0,True
syn-04225,113.35710,8.25164,0.3480295,1,True
syn-04226,25.54429,20.21272,0.2967342,0,True
syn-04227,49.24862,6.29019,0.7190786,1,True
syn-04228,4.16018,0.00000,0.4113059,0,True
syn-04229,17.60380,10.93152,0.7589661,0,True
syn-04230,30.87573,19.18117,0.9009067,0,True
syn-04231,60.09835,24.53667,0.9502113,0,True
syn-04232,25.31382,0.00000,0.8366949,0,True
syn-04233,60.30374,6.14370,0.2897483,0,True
syn-04234,51.57609,13.66151,0.7324219,1,True
syn-04235,45.38846,10.75275,0.5733565,0,True
syn-04236,22.48463,12.70302,0.7557224,1,True
syn-04237,37.46996,29.53924,0.6077384,0,True
syn-04238,22.76670,9.92642,0.6200237,0,True
syn-04239,10.17286,10.11358,0.8572308,0,True
syn-04240,48.64232,6.56945,0.6526921,1,True
syn-04241,20.39031,0.00000,0.4796671,0,True
syn-04242,40.80884,18.58495,0.5971805,0,True
syn-04243,92.52563,13.55204,0.7357405,1,True
syn-04244,32.11973,16.22564,0.2972121,0,True
syn-04245,48.65974,17.73899,0.5475426,1,True
syn-04246,56.52955,18.46973,0.9362369,0,True
syn-04247,29.09985,31.01612,0.7375391,0,True
syn-04248,108.58003,13.50386,0.7561889,1,True
syn-04249,8.51625,17.06413,0.4936426,0,True
syn-04250,38.70539,11.80282,0.6072899,1,True
syn-04251,37.91676,4.82770,0.8234091,1,True
syn-04252,22.21824,13.70549,0.3646027,0,True
syn-04253,36.92094,7.49479,0.5396932,0,True
syn-04254,16.25154,18.55062,0.9697959,0,True
syn-04255,23.69431,16.24098,0.6672692,0,True
syn-04256,75.34135,29.01572,0.7482942,1,True
syn-04257,23.16256,0.65341,0.6526470,0,True
syn-04258,23.17053,7.59187,0.2231510,0,True
syn-04259,46.73472,23.73874,0.5441375,0,True
syn-04260,8.70736,4.58712,0.5606279,0,True
syn-04261,45.77094,24.03634,0.2713849,1,True
syn-04262,73.13670,13.23547,0.1504620,0,True
syn-04263,28.14902,17.39536,0.5440029,0,True
syn-04264,27.79935,20.56298,0.7509704,0,True
syn-04265,26.38764,15.61623,0.7917204,1,True
syn-04266,8.22603,13.33056,0.6140497,1,True
syn-04267,21.64064,24.82102,0.6529105,0,True
syn-04268,109.36420,0.00000,0.9095631,1,True
syn-04269,38.24679,20.47009,0.4826002,1,True
syn-04270,33.99431,24.29006,0.8614856,0,True
syn-04271,8.17252,13.12819,0.7741728,0,True
syn-04272,30.46424,16.49607,0.8671421,0,True
syn-04273,8.83641,10.31327,0.3327416,0,True
syn-04274,26.92820,16.23057,0.8427683,1,True
syn-04275,49.20395,0.87277,0.7226152,1,True
syn-04276,48.05566,18.39786,0.4705945,0,True
syn-04277,11.10236,10.95069,0.3364172,0,True
syn-04278,22.45016,17.36430,0.4953718,0,True
syn-04279,31.14246,17.99171,0.2466860,0,True
syn-04280,5.67466,24.09131,0.5683093,0,True
syn-04281,78.84047,12.24284,0.6533768,0,True
syn-04282,24.39296,29.68216,0.8533626,0,True
syn-04283,22.03982,11.67056,0.5506404,0,True
syn-04284,31.32582,24.39801,0.5829955,0,True
syn-04285,65.15343,6.76831,0.4739695,1,True
syn-04286,29.19730,11.23772,0.8238535,1,True
syn-04287,19.39888,30.19636,0.7936388,0,True
syn-04288,14.76402,3.96615,0.4711702,0,True
syn-04289,38.12199,9.84757,0.7233903,0,True
syn-04290,39.70460,12.35415,0.9065436,1,True
syn-04291,67.33620,11.73687,0.5680020,1,True
syn-04292,140.00000,15.89950,0.3614027,1,True
syn-04293,7.35891,14.13717,0.2823917,0,True
syn-04294,31.70807,12.83128,0.3757646,0,True
syn-04295,14.48925,8.78644,0.4255194,0,True
syn-04296,30.77028,6.90592,0.2797579,0,True
syn-04297,24.75109,33.13654,0.9138520,1,True
syn-04298,15.16841,18.97677,0.1543709,0,True
syn-04299,73.98421,1.53824,0.7448959,1,True
syn-04300,35.69604,14.96063,0.9860063,0,True
syn-04301,44.73290,0.00000,0.9521192,1,True
syn-04302,99.57411,9.39748,0.5569993,1,True
syn-04303,6.66656,19.50248,0.7369357,0,True
syn-04304,5.89285,19.52621,0.8797642,0,True
syn-04305,65.36507,18.28815,0.3780526,0,True
syn-04306,13.71349,5.28281,0.7611792,0,True
syn-04307,27.42126,19.98278,0.3575624,0,True
syn-04308,99.27024,26.60526,0.5922948,1,True
syn-04309,16.46182,38.07406,0.9139423,0,True
syn-04310,20.11347,13.85279,0.8258882,0,True
syn-04311,23.36407,34.61192,0.8331153,0,True
syn-04312,75.93453,12.46735,0.4726182,0,True
syn-04313,38.12626,22.85400,0.2915694,0,True
syn-04314,60.76952,8.66324,0.4294991,0,True
syn-04315,28.30864,22.86282,0.5680174,1,True
syn-04316,60.03395,13.91957,0.4407611,0,True
syn-04317,58.27800,21.38509,0.8730258,0,True
syn-04318,17.54857,19.09676,0.9086066,0,True
syn-04319,21.95458,10.98471,0.7403974,1,True
syn-04320,25.77877,11.39122,0.7612565,1,True
syn-04321,7.91391,15.15691,0.9450002,0,True
syn-04322,15.49539,11.77440,0.6062352,1,True
syn-04323,52.76645,7.75164,0.4298178,0,True
syn-04324,25.84962,1.63827,0.2035507,0,True
syn-04325,96.26778,0.00000,0.3928701,1,True
syn-04326,32.11446,34.70140,0.6174841,0,True
syn-04327,77.20483,13.92079,0.5074788,1,True
syn-04328,36.98744,9.79331,0.4464650,0,True
syn-04329,31.58696,15.16479,0.7722591,1,True
syn-04330,26.91249,14.87208,0.4427208,0,True
syn-04331,3.22812,6.55874,0.8371685,0,True
syn-04332,7.89245,16.92274,0.8274264,0,True
syn-04333,42.36399,23.08286,0.8241457,1,True
syn-04334,60.15803,23.98197,0.4924944,1,True
syn-04335,19.80773,23.76891,0.9080325,0,True
syn-04336,29.91441,0.00000,0.8759249,1,True
syn-04337,36.70228,19.11318,0.5368490,1,True
syn-04338,25.22162,9.47185,0.8302501,0,True
syn-04339,50.32421,24.68394,0.7420911,0,True
syn-04340,135.13208,19.54644,0.8080927,1,True
syn-04341,10.52662,28.85226,0.1890772,0,True
syn-04342,26.39520,23.68602,0.4207094,0,True
syn-04343,35.01791,10.55797,0.8051791,1,True
syn-04344,65.17689,10.00659,0.8840341,1,True
syn-04345,60.24575,8.65767,0.4148131,1,True
syn-04346,40.80497,3.85360,0.7633765,1,True
syn-04347,45.20607,13.36806,0.6828117,0,True
syn-04348,37.57336,14.13674,0.7749202,0,True
syn-04349,15.80696,12.06058,0.3986640,0,True
syn-04350,79.30454,4.32922,0.5647038,1,True
syn-04351,55.50675,17.64046,0.9596844,1,True
syn-04352,3.56815,3.02139,0.5831531,0,True
syn-04353,15.04893,15.94675,0.5973049,0,True
syn-04354,26.40930,0.00000,0.8871834,1,True
syn-04355,19.91062,6.60160,0.5352682,0,True
syn-04356,42.77014,7.49342,0.6085558,0,True
syn-04357,32.91074,0.00000,0.4323955,0,True
syn-04358,24.85879,17.76432,0.4571176,0,True
syn-04359,55.70754,22.44074,0.7072713,1,True
syn-04360,51.07246,20.32199,0.8116212,0,True
syn-04361,70.24977,19.11493,0.4995628,1,True
syn-04362,46.28927,1.07132,0.6042824,1,True
syn-04363,15.37242,15.79319,0.6174870,0,True
syn-04364,46.58840,13.47570,0.7133665,1,True
syn-04365,46.78737,0.00000,0.5555547,1,True
syn-04366,5.81931,0.00000,0.9369951,0,True
syn-04367,24.54275,11.90837,0.5367908,0,True
syn-04368,13.73425,18.08997,0.8147303,0,True
syn-04369,87.64889,27.79822,0.8877515,1,True
syn-04370,64.77068,14.43890,0.6527320,0,True
syn-04371,6.22801,13.03883,0.7382373,0,True
syn-04372,38.93455,18.40841,0.7171458,0,True
syn-04373,61.94635,6.77386,0.2090019,0,True
syn-04374,44.36871,13.02908,0.9023116,0,True
syn-04375,102.38139,14.44595,0.6810181,1,True
syn-04376,66.27479,4.09798,0.6519815,1,True
syn-04377,51.20639,4.64628,0.6998373,1,True
syn-04378,14.15002,6.85566,0.1737698,0,True
syn-04379,86.11164,13.06606,0.4948190,1,True
syn-04380,71.43803,23.99484,0.8379622,1,True
syn-04381,25.11319,25.21143,0.6419537,0,True
syn-04382,13.36283,8.91560,0.2249600,1,True
syn-04383,6.76451,12.21168,0.4310956,0,True
syn-04384,23.53344,0.00000,0.7493362,1,True
syn-04385,32.31113,5.60687,0.2187110,0,True
syn-04386,7.01832,19.50561,0.6152444,0,True
syn-04387,79.56784,8.86881,0.2484974,1,True
syn-04388,52.40136,22.66852,0.8070706,1,True
syn-04389,33.26442,22.23453,0.4064108,0,True
syn-04390,74.39571,14.99377,0.6927442,1,True
syn-04391,82.97083,21.10200,0.6520567,1,True
syn-04392,25.41864,15.05061,0.7582737,1,True
syn-04393,23.85493,32.43617,0.7459722,0,True
syn-04394,91.11216,1.98233,0.9157842,1,True
syn-04395,16.14347,7.77546,0.3955986,0,True
syn-04396,18.91101,6.14760,0.6436878,0,True
syn-04397,10.13478,11.19074,0.6700979,0,True
syn-04398,19.03451,0.00000,0.4134528,0,True
syn-04399,47.96033,4.18467,0.5774074,1,True
syn-04400,35.45855,1.78463,0.4588733,0,True
syn-04401,40.96769,4.22145,0.5860605,0,True
syn-04402,56.32365,19.30635,0.4649529,0,True
syn-04403,36.92386,21.91664,0.8418152,1,True
syn-04404,10.94433,36.50986,0.5736685,0,True
syn-04405,27.23296,25.80850,0.8190243,0,True
syn-04406,19.08972,29.91488,0.5802017,0,True
syn-04407,91.96548,14.88882,0.4788649,1,True
syn-04408,27.77259,15.04909,0.8417798,0,True
syn-04409,62.99860,5.35238,0.0614789,0,True
syn-04410,12.45293,21.90409,0.4862202,0,True
syn-04411,16.86089,22.39453,0.7090982,0,True
syn-04412,12.04612,4.09368,0.3646691,0,True
syn-04413,4.94251,1.79705,0.6368900,0,True
syn-04414,82.35336,16.49938,0.7362386,1,True
syn-04415,11.41781,0.00000,0.6765316,1,True
syn-04416,13.05082,12.84689,0.9469672,0,True
syn-04417,28.28087,1.41503,0.6855644,0,True
syn-04418,54.12858,21.16976,0.2935497,0,True
syn-04419,19.25668,20.68408,0.3784107,0,True
syn-04420,56.83815,0.00000,0.3503580,1,True
syn-04421,35.15283,3.73523,0.8821916,1,True
syn-04422,33.26595,0.00000,0.6909033,1,True
syn-04423,19.66200,31.47729,0.4448812,0,True
syn-04424,125.77145,15.02166,0.6428151,1,True
syn-04425,74.85101,0.00000,0.6307393,1,True
syn-04426,31.67449,14.51604,0.3135074,0,True
syn-04427,16.79523,12.56221,0.1876398,0,True
syn-04428,6.19936,10.48609,0.7360779,0,True
syn-04429,63.52806,17.28883,0.4832833,1,True
syn-04430,79.26934,1.29086,0.7183833,1,True
syn-04431,56.08013,22.83397,0.6551489,0,True
syn-04432,36.32767,5.34273,0.5256485,1,True
syn-04433,116.47910,0.00000,0.5466139,1,True
syn-04434,39.52367,12.35048,0.3379509,0,True
syn-04435,80.36378,8.33587,0.7015896,1,True
syn-04436,62.51228,0.00000,0.8408827,1,True
syn-04437,31.56793,30.33796,0.4605454,0,True
syn-04438,58.10947,15.08854,0.5240864,1,True
syn-04439,44.06149,20.50182,0.7418614,0,True
syn-04440,17.21994,27.61129,0.8793413,0,True
syn-04441,61.08839,7.99587,0.3850412,0,True
syn-04442,96.61502,12.64546,0.7637407,1,True
syn-04443,18.47796,15.50891,0.2211043,0,True
syn-04444,17.84503,12.31747,0.7466244,0,True
syn-04445,23.62890,4.32244,0.9036867,1,True
syn-04446,19.78847,16.21324,0.8121608,0,True
syn-04447,66.26662,18.63441,0.6445141,1,True
syn-04448,37.20832,18.43714,0.7656506,0,True
syn-04449,134.66260,24.00245,0.3688602,1,True
syn-04450,50.68713,19.87308,0.7328703,0,True
syn-04451,25.26793,14.76549,0.7771891,0,True
syn-04452,20.86539,1.67549,0.8826779,0,True
syn-04453,49.90295,5.24974,0.2044771,0,True
syn-04454,47.11273,34.30828,0.4468243,0,True
syn-04455,64.06120,5.14748,0.5399490,0,True
syn-04456,34.77975,4.31446,0.6140440,0,True
syn-04457,80.92427,10.35582,0.7740200,1,True
syn-04458,85.75124,17.49807,0.5542368,1,True
syn-04459,137.95360,31.88547,0.6507611,1,True
syn-04460,125.26550,7.36070,0.3934620,1,True
syn-04461,19.27116,2.14049,0.5683793,1,True
syn-04462,14.71889,17.86956,0.3428352,0,True
syn-04463,65.95855,5.24748,0.7076512,1,True
syn-04464,34.44069,23.51889,0.7549075,0,True
syn-04465,13.07344,16.87186,0.2002672,1,True
syn-04466,22.62809,9.58523,0.7801393,1,True
syn-04467,55.15768,9.63855,0.6455559,1,True
syn-04468,30.33504,2.96158,0.2164610,0,True
syn-04469,12.87902,16.43514,0.1606080,0,True
syn-04470,31.85786,9.59945,0.6933653,1,True
syn-04471,66.69719,8.58842,0.6844618,1,True
syn-04472,39.68066,20.09590,0.6190286,0,True
syn-04473,21.22375,10.95815,0.5463453,0,True
syn-04474,10.33101,14.66331,0.9493826,0,True
syn-04475,9.60258,13.87671,0.7936410,0,True
syn-04476,14.91336,11.17015,0.7564043,0,True
syn-04477,38.44061,16.27967,0.2636912,0,True
syn-04478,52.32295,3.72345,0.7272525,1,True
syn-04479,37.33194,20.03667,0.4425985,0,True
syn-04480,35.96826,22.29584,0.4193926,0,True
syn-04481,93.62607,0.68176,0.2670085,1,True
syn-04482,36.95502,16.54887,0.3156253,0,True
syn-04483,32.28884,2.77983,0.6337896,0,True
syn-04484,45.78205,0.00000,0.6661059,1,True
syn-04485,54.16483,29.61939,0.7392259,0,True
syn-04486,20.74887,16.33079,0.8027587,0,True
syn-04487,67.46624,0.72087,0.9017287,1,True
syn-04488,12.01757,3.74110,0.6593632,1,True
syn-04489,65.31786,14.82091,0.2749662,0,True
syn-04490,112.53412,16.43891,0.4777442,1,True
syn-04491,45.63008,14.39376,0.4942144,1,True
syn-04492,31.92353,6.40215,0.1304058,0,True
syn-04493,47.92230,19.14896,0.5834350,1,True
syn-04494,8.75183,3.54611,0.5229955,0,True
syn-04495,48.19168,9.13883,0.7743996,1,True
syn-04496,93.70425,8.86564,0.4840122,1,True
syn-04497,50.45980,10.43021,0.3872148,1,True
syn-04498,29.37232,15.18712,0.6222453,0,True
syn-04499,2.59066,22.06419,0.3475009,0,True
syn-04500,18.72183,12.70210,0.5558325,0,True
syn-04501,23.19375,16.51302,0.2686923,0,True
syn-04502,27.03340,18.49224,0.5918106,0,True
syn-04503,61.02619,10.94967,0.6432753,0,True
syn-04504,32.93583,16.86888,0.5017424,0,True
syn-04505,42.30414,20.47794,0.3378168,0,True
syn-04506,6.74859,5.96951,0.6800541,0,True
syn-04507,51.80789,40.47437,0.9647930,0,True
syn-04508,12.91821,8.47806,0.9153768,0,True
syn-04509,57.81251,0.00000,0.2707278,0,True
syn-04510,49.57371,17.41846,0.4254373,0,True
syn-04511,29.75024,7.16467,0.7942286,0,True
syn-04512,12.05197,24.45548,0.8742582,0,True
syn-04513,27.35853,11.21212,0.6931775,1,True
syn-04514,50.77165,4.86439,0.3979716,0,True
syn-04515,16.84147,18.18849,0.6641701,0,True
syn-04516,54.98297,7.38738,0.1827482,0,True
syn-04517,25.14824,16.18633,0.1273458,0,True
syn-04518,11.03151,13.27497,0.7790993,0,True
syn-04519,41.73791,7.09367,0.5016093,0,True
syn-04520,71.84040,18.24843,0.3999605,0,True
syn-04521,48.58892,7.72690,0.5311707,0,True
syn-04522,56.33595,8.57974,0.7503698,1,True
syn-04523,25.97188,23.31543,0.8802831,1,True
syn-04524,5.79170,20.80053,0.5882764,0,True
syn-04525,16.53240,11.22203,0.8123865,0,True
syn-04526,69.68390,0.69152,0.8672499,1,True
syn-04527,55.98914,28.43646,0.5570115,1,True
syn-04528,16.05723,29.39185,0.8430761,0,True
syn-04529,44.43905,10.39223,0.7496088,1,True
syn-04530,7.49870,25.37790,0.9391463,0,True
syn-04531,26.26218,12.48850,0.8277481,0,True
syn-04532,39.97236,3.29605,0.4541463,1,True
syn-04533,18.04364,4.15283,0.5987364,0,True
syn-04534,44.07616,27.09157,0.6879206,0,True
syn-04535,21.29739,2.22717,0.3070619,1,True
syn-04536,64.67346,7.72191,0.7964715,1,True
syn-04537,19.02983,0.00000,0.4261760,0,True
syn-04538,49.62463,0.00000,0.3616300,1,True
syn-04539,40.32654,8.47256,0.3750131,0,True
syn-04540,34.16317,28.57620,0.6232319,1,True
syn-04541,38.48312,19.84846,0.8839998,0,True
syn-04542,6.30263,13.97359,0.8394846,0,True
syn-04543,36.45872,16.68463,0.8697197,0,True
syn-04544,56.81024,28.96605,0.9053182,1,True
syn-04545,42.94032,15.12407,0.6748242,0,True
syn-04546,53.41568,13.12986,0.7641138,1,True
syn-04547,68.73188,12.73308,0.7999289,0,True
syn-04548,35.26929,5.95667,0.3064229,0,True
syn-04549,17.20126,12.72654,0.7294492,0,True
syn-04550,16.64867,16.62590,0.6431027,0,True
syn-04551,109.81841,11.37991,0.5339147,1,True
syn-04552,12.22229,3.90532,0.8212333,1,True
syn-04553,92.36708,20.39019,0.5280914,1,True
syn-04554,47.39594,10.74030,0.3098772,0,True
syn-04555,6.32032,1.77259,0.5808042,0,True
syn-04556,70.61543,23.61848,0.2637204,1,True
syn-04557,53.17300,15.31059,0.8560432,1,True
syn-04558,12.33769,0.55154,0.4511423,0,True
syn-04559,35.80676,27.04892,0.5834816,0,True
syn-04560,140.00000,30.92964,0.7255449,1,True
syn-04561,92.08157,15.27791,0.8259983,1,True
syn-04562,29.70009,23.86793,0.5832083,0,True
syn-04563,81.98683,11.39556,0.3156613,1,True
syn-04564,74.79706,3.50498,0.6665376,1,True
syn-04565,24.12968,7.24601,0.7207620,0,True
syn-04566,124.12973,0.00000,0.6349897,1,True
syn-04567,23.17619,43.65664,0.2962519,0,True
syn-04568,42.07132,21.14309,0.4138077,1,True
syn-04569,140.00000,0.00000,0.2383215,1,True
syn-04570,7.48545,15.67846,0.7770312,0,True
syn-04571,50.12035,2.72696,0.7427186,1,True
syn-04572,23.77421,16.06626,0.5740212,0,True
syn-04573,36.44812,19.17634,0.5496636,0,True
syn-04574,18.10211,9.26477,0.4147129,0,True
syn-04575,62.77137,14.50778,0.4963183,1,True
syn-04576,66.04125,22.98770,0.2826501,0,True
syn-04577,19.89533,0.00000,0.5943663,1,True
syn-04578,36.21576,10.74669,0.2994054,0,True
syn-04579,17.66030,1.12957,0.8821859,0,True
syn-04580,46.02536,7.30490,0.3678402,1,True
syn-04581,65.52804,21.24195,0.5049640,1,True
syn-04582,12.85020,15.77871,0.5557332,0,True
syn-04583,38.81627,29.19537,0.2267227,0,True
syn-04584,44.39116,19.78496,0.6961299,0,True
syn-04585,30.47869,14.24045,0.8643459,0,True
syn-04586,18.77900,19.25643,0.4542181,0,True
syn-04587,39.53124,25.68909,0.5987375,0,True
syn-04588,44.82032,16.70438,0.2794461,0,True
syn-04589,79.29506,9.15394,0.5743333,1,True
syn-04590,25.97564,15.19198,0.5150364,0,True
syn-04591,32.81976,19.28381,0.5877454,0,True
syn-04592,29.58404,11.90381,0.6964867,0,True
syn-04593,27.32155,4.76067,0.4973426,1,True
syn-04594,17.50609,23.42460,0.8968011,0,True
syn-04595,35.32388,0.00000,0.6042360,1,True
syn-04596,50.53820,5.63839,0.6388301,1,True
syn-04597,15.07549,17.91293,0.4023856,0,True
syn-04598,13.56699,7.03737,0.6349439,0,True
syn-04599,98.56630,5.33496,0.8219618,1,True
syn-04600,41.20022,13.28458,0.5222588,1,True
syn-04601,98.68954,0.00000,0.4711164,1,True
syn-04602,4.43653,9.84380,0.6699518,0,True
syn-04603,24.38788,20.43488,0.8696197,0,True
syn-04604,30.59584,18.95578,0.4473240,0,True
syn-04605,2.70362,21.56085,0.5327520,0,True
syn-04606,25.89534,16.07542,0.4614497,0,True
syn-04607,20.59900,21.02221,0.3543636,0,True
syn-04608,47.06669,18.80518,0.2739880,0,True
syn-04609,37.80469,21.94028,0.7272775,0,True
syn-04610,38.89605,0.00000,0.6214347,1,True
syn-04611,45.25349,25.89746,0.3760614,0,True
syn-04612,57.36800,10.93245,0.5048372,1,True
syn-04613,17.09652,11.82671,0.4956376,0,True
syn-04614,37.65826,9.30357,0.8510004,0,True
syn-04615,17.57704,21.08524,0.8697621,0,True
syn-04616,86.79898,13.07821,0.6050350,0,True
syn-04617,38.46714,10.71642,0.7439820,0,True
syn-04618,72.75260,2.36461,0.4084784,1,True
syn-04619,112.05103,4.85852,0.3081974,1,True
syn-04620,2.13186,0.00000,0.7549663,0,True
syn-04621,10.53291,18.46510,0.7078304,0,True
syn-04622,62.38107,20.67945,0.3160019,0,True
syn-04623,89.50691,19.79263,0.6094549,1,True
syn-04624,75.86491,13.54394,0.4334655,0,True
syn-04625,48.76800,21.95138,0.4850884,0,True
syn-04626,49.76331,27.89802,0.1328356,0,True
syn-04627,32.25372,3.92166,0.6334324,0,True
syn-04628,68.08464,43.15365,0.5784973,0,True
syn-04629,83.40606,2.52836,0.9080172,1,True
syn-04630,20.87001,27.56499,0.6360108,0,True
syn-04631,23.68784,20.25446,0.6999458,0,True
syn-04632,20.93320,11.48656,0.9629516,0,True
syn-04633,24.13289,6.03446,0.9037728,0,True
syn-04634,15.48789,8.01143,0.3276059,0,True
syn-04635,25.35031,13.04773,0.4036344,0,True
syn-04636,140.00000,11.38945,0.3522176,1,True
syn-04637,15.94001,12.18313,0.8846452,0,True
syn-04638,72.05363,25.55430,0.3435647,0,True
syn-04639,111.41673,13.63983,0.7809751,1,True
syn-04640,38.80711,27.93341,0.6242420,0,True
syn-04641,38.00925,27.17674,0.8560964,1,True
syn-04642,27.50614,2.90010,0.4250858,0,True
syn-04643,25.40766,6.78257,0.5693678,0,True
syn-04644,13.42932,28.40812,0.5088841,0,True
syn-04645,39.56466,14.31715,0.9139599,1,True
syn-04646,17.34597,10.61823,0.3876885,0,True
syn-04647,8.22827,0.00000,0.4897188,0,True
syn-04648,25.00057,33.23111,0.9561493,1,True
syn-04649,29.28759,1.32575,0.4699725,0,True
syn-04650,110.05836,16.53105,0.3651560,1,True
syn-04651,28.91441,10.13963,0.7077243,1,True
syn-04652,47.62165,15.80351,0.1744481,0,True
syn-04653,13.00719,9.73945,0.5897610,0,True
syn-04654,24.60714,18.80188,0.9154305,1,True
syn-04655,18.43322,16.44905,0.3523087,0,True
syn-04656,19.94352,16.18054,0.8220887,0,True
syn-04657,68.85956,0.00000,0.7101012,1,True
syn-04658,10.28805,24.52164,0.4900104,0,True
syn-04659,33.83044,22.46115,0.8268569,1,True
syn-04660,46.19608,18.22938,0.3841175,0,True
syn-04661,97.18433,20.95992,0.8064918,1,True
syn-04662,30.83390,14.46692,0.7039937,1,True
syn-04663,33.74422,14.56971,0.3891252,0,True
syn-04664,12.71924,19.09024,0.5480338,0,True
syn-04665,13.31618,11.56965,0.8295268,1,True
syn-04666,38.98527,0.00000,0.5701646,0,True
syn-04667,55.83680,12.88154,0.3843367,0,True
syn-04668,14.18134,12.25188,0.4228375,1,True
syn-04669,28.23467,13.07779,0.4177313,0,True
syn-04670,44.96640,20.37096,0.5688479,0,True
syn-04671,75.55558,10.79059,0.7015917,1,True
syn-04672,12.74616,11.41925,0.8570669,0,True
syn-04673,38.80002,20.49820,0.8558065,1,True
syn-04674,66.05490,19.04151,0.0596875,0,True
syn-04675,19.56456,6.72667,0.2263475,0,True
syn-04676,32.38209,18.04096,0.7183187,1,True
syn-04677,74.42091,12.66621,0.4534712,1,True
syn-04678,71.20865,5.92315,0.6260211,1,True
syn-04679,30.40236,3.77544,0.8951063,1,True
syn-04680,54.81135,30.42384,0.8151420,0,True
syn-04681,41.39819,2.94533,0.6502036,1,True
syn-04682,54.91219,5.93891,0.8807654,1,True
syn-04683,34.37137,15.33639,0.3792657,1,True
syn-04684,140.00000,10.36949,0.6187648,1,True
syn-04685,104.17000,17.15046,0.2132235,0,True
syn-04686,51.70142,0.85671,0.9154851,1,True
syn-04687,29.43271,9.53478,0.7531329,1,True
syn-04688,14.37157,19.61481,0.8656294,1,True
syn-04689,65.12652,23.86400,0.0898474,0,True
syn-04690,76.22640,9.61643,0.7004805,0,True
syn-04691,49.56346,21.79358,0.7312279,0,True
syn-04692,29.36471,10.75734,0.4927667,1,True
syn-04693,71.74564,16.06607,0.8647943,1,True
syn-04694,38.66499,0.00000,0.8285388,1,True
syn-04695,19.89510,3.71506,0.5319887,1,True
syn-04696,34.35144,29.09910,0.7759966,0,True
syn-04697,51.48491,15.43506,0.1954010,0,True
syn-04698,43.94146,6.21089,0.1938523,0,True
syn-04699,28.90232,4.88170,0.9021130,0,True
syn-04700,43.68353,14.67785,0.6540387,0,True
syn-04701,20.92628,24.32476,0.9181287,0,True
syn-04702,8.07556,27.73438,0.1050151,0,True
syn-04703,27.21436,12.88424,0.9281560,1,True
syn-04704,78.49418,7.28192,0.8260502,1,True
syn-04705,46.63353,7.76504,0.2193466,0,True
syn-04706,31.82608,1.15711,0.8990402,1,True
syn-04707,27.47842,5.46851,0.6939542,0,True
syn-04708,44.09922,5.14706,0.2726932,1,True
syn-04709,12.53719,22.99680,0.6395238,0,True
syn-04710,33.51955,7.29928,0.6637955,0,True
syn-04711,101.05333,11.48481,0.4124744,1,True
syn-04712,17.95613,6.57814,0.3796083,0,True
syn-04713,25.21987,19.35029,0.6728107,0,True
syn-04714,59.60073,21.91539,0.5169437,0,True
syn-04715,38.53106,6.70245,0.9063375,1,True
syn-04716,30.76167,1.03387,0.8964303,1,True
syn-04717,38.45728,20.43066,0.2366392,0,True
syn-04718,49.61857,2.36332,0.5293641,1,True
syn-04719,41.82769,12.22491,0.3847752,0,True
syn-04720,25.32016,23.70216,0.6388680,0,True
syn-04721,32.89970,3.89620,0.9270287,1,True
syn-04722,26.02902,11.61494,0.4597818,0,True
syn-04723,81.56944,0.87292,0.4829036,1,True
syn-04724,31.37403,15.24902,0.6906365,1,True
syn-04725,55.36176,2.58438,0.3699416,1,True
syn-04726,39.13385,0.00000,0.7669696,1,True
syn-04727,140.00000,14.55774,0.6309257,1,True
syn-04728,89.52389,23.09392,0.8029673,1,True
syn-04729,6.79870,7.07365,0.6446577,0,True
syn-04730,20.80863,8.21809,0.3152658,0,True
syn-04731,25.16747,16.71074,0.7853490,0,True
syn-04732,35.65063,17.58484,0.7104173,1,True
syn-04733,18.08875,20.74450,0.7181955,0,True
syn-04734,40.22722,21.40778,0.7189300,0,True
syn-04735,100.61398,22.11527,0.5401223,1,True
syn-04736,93.82482,9.64656,0.7849994,1,True
syn-04737,23.80756,4.57386,0.9300457,1,True
syn-04738,33.84912,0.06729,0.4103718,0,True
syn-04739,34.92708,19.03727,0.8684859,0,True
syn-04740,36.13291,8.89685,0.6739793,1,True
syn-04741,64.05359,0.00000,0.7683775,1,True
syn-04742,10.59214,32.48938,0.6682467,0,True
syn-04743,40.68334,0.00000,0.8331403,0,True
syn-04744,64.67751,24.00971,0.4379871,0,True
syn-04745,41.45006,13.59349,0.2864223,0,True
syn-04746,38.18631,10.13157,0.6112529,0,True
syn-04747,88.69164,5.79394,0.4075008,1,True
syn-04748,16.67200,14.48326,0.3720097,0,True
syn-04749,123.40139,14.75012,0.6186679,1,True
syn-04750,44.14149,23.73178,0.2430205,0,True
syn-04751,66.75616,13.98756,0.8990701,1,True
syn-04752,12.29834,14.73832,0.6469215,0,True
syn-04753,41.04836,28.50271,0.4685836,0,True
syn-04754,74.02202,0.64348,0.5249654,1,True
syn-04755,48.36533,12.06799,0.3001229,1,True
syn-04756,14.67860,14.32227,0.6565030,0,True
syn-04757,9.41606,11.38545,0.4527870,0,True
syn-04758,93.07165,11.15938,0.1904306,1,True
syn-04759,31.53748,20.98006,0.8285604,0,True
syn-04760,20.42225,17.74434,0.7452177,1,True
syn-04761,24.10184,42.89441,0.4339024,0,True
syn-04762,35.83732,12.18778,0.8842950,1,True
syn-04763,50.85799,12.68330,0.4605148,0,True
syn-04764,21.94273,10.03386,0.5936515,0,True
syn-04765,95.59424,19.21057,0.5535310,1,True
syn-04766,38.42419,15.34176,0.6413229,0,True
syn-04767,43.20722,2.83431,0.3642518,1,True
syn-04768,76.75201,8.39810,0.1980937,0,True
syn-04769,70.52477,12.79537,0.6327338,1,True
syn-04770,89.18226,5.98901,0.2822482,1,True
syn-04771,26.04059,21.33464,0.8325635,0,True
syn-04772,8.51932,20.74380,0.4059059,0,True
syn-04773,32.93847,24.01095,0.5220147,0,True
syn-04774,13.15650,12.99442,0.1451100,0,True
syn-04775,58.49076,20.53341,0.6217189,0,True
syn-04776,39.90773,15.93430,0.5461611,0,True
syn-04777,25.99411,9.73412,0.8647794,0,True
syn-04778,69.43227,15.78630,0.7282407,0,True
syn-04779,91.05284,6.92180,0.6008286,1,True
syn-04780,100.15568,24.52422,0.7552446,1,True
syn-04781,67.34613,21.01072,0.4988889,1,True
syn-04782,31.11488,12.55514,0.7126161,0,True
syn-04783,31.53182,1.23105,0.3763194,0,True
syn-04784,61.26346,0.00000,0.6089556,1,True
syn-04785,121.70294,16.17533,0.3676207,1,True
syn-04786,43.68750,31.54889,0.7519225,0,True
syn-04787,47.55125,4.11362,0.9836265,1,True
syn-04788,61.14528,3.27957,0.2185698,0,True
syn-04789,95.37081,5.61640,0.9822553,1,True
syn-04790,76.00391,11.73321,0.3985927,1,True
syn-04791,26.64175,24.17071,0.6574654,1,True
syn-04792,11.71504,14.49058,0.7370247,0,True
syn-04793,81.13189,15.33799,0.5180103,1,True
syn-04794,31.96820,13.97301,0.2305016,0,True
syn-04795,107.13890,25.97022,0.8546810,1,True
syn-04796,77.70514,27.56532,0.5883853,1,True
syn-04797,79.52869,14.12501,0.3120615,0,True
syn-04798,21.09110,3.05153,0.3691236,0,True
syn-04799,67.88596,10.10619,0.8075025,0,True
syn-04800,41.47692,17.48283,0.5909866,0,True
syn-04801,14.73943,1.91098,0.5633815,0,True
syn-04802,77.42005,3.42172,0.2242799,0,True
syn-04803,118.18269,16.29214,0.7995868,1,True
syn-04804,66.72169,9.82583,0.2294716,1,True
syn-04805,12.56278,16.55391,0.4624614,0,True
syn-04806,53.85924,8.45010,0.5998932,0,True
syn-04807,36.23554,12.34242,0.3510069,0,True
syn-04808,52.62399,10.16575,0.7883771,0,True
syn-04809,83.79085,17.23634,0.8539290,0,True
syn-04810,27.67334,14.54105,0.5738857,0,True
syn-04811,12.40239,0.00000,0.3629388,0,True
syn-04812,29.01068,24.68344,0.6752784,0,True
syn-04813,49.99758,27.27018,0.9560598,0,True
syn-04814,37.75675,14.23814,0.7787070,0,True
syn-04815,19.02060,24.29263,0.6531447,0,True
syn-04816,42.56790,22.11333,0.5052605,0,True
syn-04817,71.91285,29.31088,0.1227342,0,True
syn-04818,14.00908,14.24795,0.5780288,1,True
syn-04819,38.68984,15.11568,0.4625715,1,True
syn-04820,61.53174,11.35106,0.5887518,1,True
syn-04821,11.85095,17.41575,0.2655807,0,True
syn-04822,103.27800,14.20538,0.7446355,0,True
syn-04823,43.99221,0.00000,0.9027589,1,True
syn-04824,43.16827,7.56272,0.7516736,1,True
syn-04825,23.06650,25.45608,0.6870173,0,True
syn-04826,10.36822,0.00000,0.8135569,1,True
syn-04827,25.63331,11.77844,0.7180004,0,True
syn-04828,71.21529,11.83874,0.4204764,1,True
syn-04829,62.95636,10.43758,0.6972126,1,True
syn-04830,31.91596,9.49689,0.8573103,0,True
syn-04831,11.42518,7.35523,0.7614433,0,True
syn-04832,63.68618,21.89419,0.8085902,0,True
syn-04833,30.97575,10.03800,0.9167081,1,True
syn-04834,33.59403,15.14275,0.6057784,1,True
syn-04835,12.64242,35.56242,0.1363525,0,True
syn-04836,105.49544,24.21283,0.8097717,1,True
syn-04837,57.34595,0.00000,0.5519131,1,True
syn-04838,19.09055,9.22519,0.4351536,0,True
syn-04839,75.56848,18.71126,0.3403476,0,True
syn-04840,10.96009,14.89376,0.7017629,1,True
syn-04841,35.50359,0.59033,0.3296097,0,True
syn-04842,49.95054,8.78219,0.6437343,0,True
syn-04843,33.08592,0.00000,0.7496686,0,True
syn-04844,21.43237,18.47636,0.6449912,0,True
syn-04845,72.33469,17.50912,0.6588843,1,True
syn-04846,27.80770,8.83415,0.3124787,0,True
syn-04847,17.07187,2.41691,0.7278699,0,True
syn-04848,29.68127,22.62725,0.7364976,0,True
syn-04849,29.26417,8.99904,0.7736805,0,True
syn-04850,63.20134,9.95786,0.7424514,1,True
syn-04851,40.90636,11.70968,0.9076484,0,True
syn-04852,55.51165,4.88558,0.3920317,1,True
syn-04853,56.83939,0.00000,0.2569863,0,True
syn-04854,40.62089,24.67686,0.3435046,0,True
syn-04855,34.66988,0.00000,0.3879578,0,True
syn-04856,140.00000,7.21473,0.8142712,1,True
syn-04857,43.75533,32.27222,0.5725340,0,True
syn-04858,36.73186,15.81321,0.9443963,0,True
syn-04859,97.37793,13.23833,0.3449552,0,True
syn-04860,10.24431,18.46738,0.5769014,0,True
syn-04861,7.22090,0.00000,0.6142491,0,True
syn-04862,13.89071,4.23932,0.7141480,0,True
syn-04863,48.89614,4.22905,0.6351546,1,True
syn-04864,21.31772,10.64869,0.8112898,1,True
syn-04865,2.50560,8.99209,0.2895355,0,True
syn-04866,70.15061,22.98047,0.6429154,0,True
syn-04867,38.92912,1.82252,0.5839654,1,True
syn-04868,22.97673,29.21285,0.7205514,0,True
syn-04869,32.43375,15.60157,0.6015298,0,True
syn-04870,24.63498,21.87336,0.2074822,0,True
syn-04871,60.43471,11.30631,0.2677704,0,True
syn-04872,14.66594,10.32111,0.3878300,1,True
syn-04873,59.10540,13.82261,0.4703875,1,True
syn-04874,34.81862,0.00000,0.4221121,1,True
syn-04875,35.95811,0.00000,0.6669247,1,True
syn-04876,16.27566,16.21465,0.8525214,0,True
syn-04877,28.57776,28.74150,0.8214269,0,True
syn-04878,24.11185,14.90580,0.9565113,0,True
syn-04879,31.99899,20.77655,0.9223533,0,True
syn-04880,26.62004,12.44133,0.5829120,0,True
syn-04881,14.35639,12.21083,0.5154525,0,True
syn-04882,52.94903,12.82586,0.6789856,1,True
syn-04883,29.92188,13.62835,0.5857404,0,True
syn-04884,29.79703,16.84101,0.6019766,0,True
syn-04885,38.26007,2.31895,0.6382225,1,True
syn-04886,8.37369,18.52475,0.7196378,0,True
syn-04887,44.91193,14.63097,0.4610968,0,True
syn-04888,36.22935,3.47906,0.6670306,0,True
syn-04889,14.83840,21.26436,0.7392187,0,True
syn-04890,35.99153,0.00000,0.4046683,0,True
syn-04891,49.30235,23.59069,0.5945077,0,True
syn-04892,4.43996,11.09219,0.3326401,0,True
syn-04893,32.63580,9.65974,0.2358983,0,True
syn-04894,31.54112,18.74387,0.8275262,0,True
syn-04895,50.03498,16.79760,0.8385220,0,True
syn-04896,51.77552,12.32149,0.3810263,0,True
syn-04897,51.31548,15.35791,0.4644999,0,True
syn-04898,66.79203,24.74796,0.4593550,0,True
syn-04899,11.05567,14.38247,0.5174111,0,True
syn-04900,35.93982,8.98503,0.7202722,0,True
syn-04901,26.84734,24.19138,0.7658637,1,True
syn-04902,35.21031,13.71690,0.5557022,1,True
syn-04903,56.13261,20.53907,0.8923540,1,True
syn-04904,9.01373,19.82964,0.2592395,0,True
syn-04905,58.68741,10.49365,0.7864429,1,True
syn-04906,62.20588,22.41979,0.6605412,1,True
syn-04907,60.96318,15.26265,0.3804578,1,True
syn-04908,57.49661,10.18896,0.2276835,1,True
syn-04909,19.68875,17.39178,0.7977827,0,True
syn-04910,23.98168,5.17304,0.5999305,1,True
syn-04911,46.48311,19.23492,0.6462160,1,True
syn-04912,32.74143,15.52733,0.6653041,1,True
syn-04913,41.54078,0.00000,0.3155860,0,True
syn-04914,70.47410,22.77904,0.9262387,1,True
syn-04915,15.29225,20.14281,0.4440027,0,True
syn-04916,34.34249,9.76548,0.5883008,0,True
syn-04917,54.07631,0.00000,0.6660619,1,True
syn-04918,42.72385,13.61672,0.4651119,1,True
syn-04919,41.55098,7.95590,0.6908087,1,True
syn-04920,67.49203,5.42172,0.6492814,1,True
syn-04921,35.09173,0.00000,0.7155039,1,True
syn-04922,23.96427,14.84932,0.4449531,0,True
syn-04923,43.44753,16.00518,0.9663784,0,True
syn-04924,21.74259,22.36390,0.6130635,1,True
syn-04925,21.27034,17.76316,0.5712226,0,True
syn-04926,50.51910,17.37056,0.3586249,1,True
syn-04927,61.92184,13.42881,0.4847415,0,True
syn-04928,44.34564,9.95844,0.7893070,1,True
syn-04929,2.29363,2.85001,0.8858590,1,True
syn-04930,25.58183,11.45334,0.6131531,0,True
syn-04931,114.79170,0.82469,0.8328184,1,True
syn-04932,27.03414,10.68110,0.6809811,0,True
syn-04933,44.98361,29.56134,0.8675937,0,True
syn-04934,25.86940,1.88285,0.3411263,0,True
syn-04935,26.22876,24.77335,0.3002547,0,True
syn-04936,18.51670,19.48778,0.7592070,1,True
syn-04937,52.47056,4.07586,0.4981051,0,True
syn-04938,45.86515,9.61967,0.7280198,1,True
syn-04939,47.15911,0.00000,0.6550509,1,True
syn-04940,47.60792,11.74458,0.6482624,0,True
syn-04941,4.99589,21.27525,0.1702302,0,True
syn-04942,26.59500,14.88533,0.4244926,0,True
syn-04943,103.25841,19.94879,0.6949130,1,True
syn-04944,28.31132,33.78153,0.7333260,0,True
syn-04945,51.08743,31.13912,0.8209118,0,True
syn-04946,8.92938,10.30361,0.4492221,0,True
syn-04947,32.77685,19.76489,0.5355611,0,True
syn-04948,37.44315,15.77367,0.7761171,0,True
syn-04949,10.02911,14.14484,0.3948611,0,True
syn-04950,13.74648,0.00000,0.3859521,0,True
syn-04951,36.82218,17.09258,0.5035790,1,True
syn-04952,52.50013,14.36888,0.5953503,0,True
syn-04953,20.50194,14.85276,0.1210608,0,True
syn-04954,41.10695,5.68668,0.9631741,1,True
syn-04955,23.81010,16.32600,0.7154408,0,True
syn-04956,82.94145,15.69880,0.5035846,1,True
syn-04957,26.19965,18.08758,0.6785398,1,True
syn-04958,79.77003,29.53934,0.7987741,1,True
syn-04959,30.96487,5.18092,0.5364940,1,True
syn-04960,109.92265,8.21627,0.7590562,1,True
syn-04961,31.10852,19.45713,0.7701889,1,True
syn-04962,17.75614,21.84233,0.5180974,0,True
syn-04963,20.57114,20.02125,0.5096990,0,True
syn-04964,38.46650,11.19849,0.7496819,0,True
syn-04965,82.15269,25.09182,0.8731805,1,True
syn-04966,27.53977,18.74260,0.6050636,0,True
syn-04967,79.18687,34.29358,0.7121191,1,True
syn-04968,24.92851,11.18752,0.7372522,1,True
syn-04969,7.96184,10.38987,0.4912975,0,True
syn-04970,10.65160,6.99653,0.5399551,0,True
syn-04971,111.33499,3.21085,0.3164970,1,True
syn-04972,25.73523,22.64539,0.4557193,0,True
syn-04973,21.10623,19.69156,0.4224891,0,True
syn-04974,27.82228,16.27165,0.5696099,1,True
syn-04975,10.84418,6.04542,0.8707094,0,True
syn-04976,28.10889,9.60352,0.9058886,1,True
syn-04977,26.84144,35.22631,0.2999690,0,True
syn-04978,18.90986,11.65663,0.4364743,0,True
syn-04979,31.33596,0.00000,0.7592757,0,True
syn-04980,22.76484,32.60945,0.3564247,0,True
syn-04981,62.90494,11.25672,0.6858153,1,True
syn-04982,54.87557,18.00398,0.6842364,1,True
syn-04983,70.49919,31.06944,0.4945707,0,True
syn-04984,52.17152,10.17805,0.5984344,1,True
syn-04985,20.05980,23.67407,0.5210839,0,True
syn-04986,45.71917,3.69375,0.4927982,1,True
syn-04987,14.05438,0.00000,0.5740359,0,True
syn-04988,61.60566,13.12951,0.4181585,1,True
syn-04989,15.70636,18.39625,0.2316394,0,True
syn-04990,112.92688,13.85072,0.5875831,1,True
syn-04991,6.73696,20.68724,0.7183700,0,True
syn-04992,46.34670,29.20585,0.5294209,0,True
syn-04993,59.67452,19.89507,0.3482197,1,True
syn-04994,104.57619,8.62463,0.6841338,1,True
syn-04995,48.60263,15.79670,0.5218997,1,True
syn-04996,92.07567,8.76997,0.7770116,1,True
syn-04997,57.65277,10.35102,0.6566138,1,True
syn-04998,34.71127,13.17770,0.7664248,0,True
syn-04999,35.39528,24.09826,0.7101309,0,True
syn-05000,13.05644,19.35728,0.8759350,0,True
syn-05001,33.50709,10.71024,0.7038831,0,True
syn-05002,31.18983,12.24456,0.8914110,0,True
syn-05003,17.95204,33.57376,0.2819422,0,True
syn-05004,23.83463,4.47383,0.7887959,1,True
syn-05005,35.71889,17.96829,0.7923043,1,True
syn-05006,33.52372,15.08195,0.6695774,0,True
syn-05007,113.82356,19.97339,0.7417673,1,True
syn-05008,31.16282,10.36715,0.9155716,1,True
syn-05009,42.83298,4.10500,0.4121499,0,True
syn-05010,97.72711,6.85368,0.8150482,1,True
syn-05011,62.21352,0.00000,0.4150212,1,True
syn-05012,25.05311,0.15909,0.6600803,0,True
syn-05013,64.73182,7.57294,0.7749965,1,True
syn-05014,112.12550,11.42205,0.5928797,1,True
syn-05015,2.94622,12.51632,0.8065274,0,True
syn-05016,71.56662,2.43315,0.8271629,1,True
syn-05017,48.17443,22.69549,0.8519202,1,True
syn-05018,11.40947,9.98626,0.3790919,0,True
syn-05019,6.32696,7.21771,0.6100361,0,True
syn-05020,15.64350,15.02943,0.3128144,0,True
syn-05021,30.73087,3.80035,0.8277224,0,True
syn-05022,43.12837,20.98111,0.7584410,0,True
syn-05023,12.94595,1.46628,0.2321534,0,True
syn-05024,17.84034,4.15725,0.6477503,1,True
syn-05025,25.92718,3.38794,0.3770671,0,True
syn-05026,36.28693,16.75294,0.5101578,0,True
syn-05027,28.83989,17.83227,0.6030568,0,True
syn-05028,18.62822,16.15372,0.6124326,0,True
syn-05029,37.52256,19.79097,0.7766842,0,True
syn-05030,20.40014,10.30282,0.2114850,0,True
syn-05031,87.07346,14.70881,0.6079594,1,True
syn-05032,55.24880,23.04850,0.8780997,1,True
syn-05033,23.97319,13.47674,0.4975312,0,True
syn-05034,35.91394,14.20185,0.3907252,0,True
syn-05035,35.85235,11.33251,0.8290939,1,True
syn-05036,49.93294,18.50180,0.7985051,0,True
syn-05037,49.38841,5.15231,0.2635138,0,True
syn-05038,47.37521,16.79170,0.9522871,1,True
syn-05039,20.16820,0.79121,0.4870589,0,True
syn-05040,21.71668,28.37899,0.5963823,0,True
syn-05041,105.09254,10.43707,0.6776438,1,True
syn-05042,17.46722,3.65156,0.6079120,1,True
syn-05043,30.77234,15.23001,0.6933504,0,True
syn-05044,17.84888,18.84815,0.5815997,0,True
syn-05045,7.62933,17.74135,0.3127035,0,True
syn-05046,89.81263,13.25833,0.7882371,1,True
syn-05047,28.30334,34.18998,0.2633300,0,True
syn-05048,60.41445,9.80450,0.1921889,0,True
syn-05049,35.43571,20.43178,0.4975756,0,True
syn-05050,49.53701,10.55278,0.5777574,1,True
syn-05051,21.98363,17.19725,0.3831668,0,True
syn-05052,16.97425,18.79490,0.6821931,1,True
syn-05053,92.16582,14.64437,0.3205312,0,True
syn-05054,53.20065,10.79490,0.9658530,1,True
syn-05055,102.21230,10.16371,0.5244523,1,True
syn-05056,32.54682,18.26500,0.8160265,1,True
syn-05057,36.48548,19.32080,0.5276220,0,True
syn-05058,42.37817,0.00000,0.4641475,0,True
syn-05059,12.96089,19.06036,0.5269442,0,True
syn-05060,29.22625,19.55161,0.2260786,0,True
syn-05061,28.40774,10.57206,0.8116375,1,True
syn-05062,6.45411,5.77801,0.8033640,0,True
syn-05063,42.00845,21.03555,0.7240396,0,True
syn-05064,30.97834,20.37913,0.2866490,0,True
syn-05065,27.83501,2.52468,0.6024873,0,True
syn-05066,48.33305,32.24000,0.5913034,1,True
syn-05067,27.74090,0.68468,0.6457242,1,True
syn-05068,68.67115,7.80759,0.5110520,1,True
syn-05069,30.93684,16.46170,0.5434580,0,True
syn-05070,12.58606,19.35118,0.5263891,0,True
syn-05071,97.71029,17.72885,0.2494431,1,True
syn-05072,44.18241,12.44114,0.2561328,0,True
syn-05073,9.22625,18.61536,0.1349148,0,True
syn-05074,23.57533,10.59478,0.6415747,0,True
syn-05075,79.91383,10.55281,0.9431528,1,True
syn-05076,14.05718,21.95073,0.7707567,0,True
syn-05077,25.85828,26.61519,0.3728468,0,True
syn-05078,55.53164,7.25571,0.8630728,1,True
syn-05079,25.60042,9.00091,0.6139749,0,True
syn-05080,81.65164,19.85245,0.6441223,1,True
syn-05081,42.73377,10.23773,0.5491369,1,True
syn-05082,44.93016,24.03082,0.5599536,0,True
syn-05083,24.51088,18.43207,0.3286946,0,True
syn-05084,21.00339,11.10436,0.1985225,0,True
syn-05085,43.11328,16.93014,0.3725954,1,True
syn-05086,31.08906,17.45054,0.7025355,0,True
syn-05087,16.08689,16.07779,0.8257600,1,True
syn-05088,64.12328,18.80647,0.5166770,1,True
syn-05089,18.56391,17.50498,0.9059679,0,True
syn-05090,40.30339,31.58827,0.6561438,0,True
syn-05091,15.70500,6.02548,0.9608791,0,True
syn-05092,54.26761,4.60042,0.7906858,1,True
syn-05093,60.45323,22.44001,0.5199466,0,True
syn-05094,35.21804,11.64528,0.3549858,1,True
syn-05095,21.94033,25.18842,0.3127781,0,True
syn-05096,16.04283,6.97681,0.1747895,0,True
syn-05097,4.90718,5.52221,0.4198143,0,True
syn-05098,35.40968,18.77591,0.8129909,0,True
syn-05099,76.51889,12.72453,0.2702397,1,True
syn-05100,40.88657,17.95579,0.7856141,0,True
syn-05101,44.73926,13.09685,0.0784243,0,True
syn-05102,4.26348,24.83247,0.2492949,0,True
syn-05103,10.29836,6.66672,0.2411427,0,True
syn-05104,136.54161,21.27906,0.9082819,1,True
syn-05105,45.06609,5.86689,0.3374665,0,True
syn-05106,45.25750,0.00000,0.3274612,0,True
syn-05107,14.34375,14.54165,0.5826800,0,True
syn-05108,52.83557,15.79963,0.5807564,0,True
syn-05109,16.30506,16.84772,0.8744513,0,True
syn-05110,106.23109,31.98921,0.8444431,1,True
syn-05111,20.77201,9.07302,0.8125830,1,True
syn-05112,88.48083,9.07421,0.3261983,1,True
syn-05113,11.65909,31.40572,0.3113514,0,True
syn-05114,14.52382,17.49024,0.7066960,0,True
syn-05115,40.43760,20.51503,0.7629076,1,True
syn-05116,30.41800,12.55146,0.7251357,0,True
syn-05117,34.82295,15.51498,0.6229771,0,True
syn-05118,25.98147,0.00000,0.9272885,0,True
syn-05119,32.75873,15.86329,0.5243135,0,True
syn-05120,41.71435,14.74810,0.3299696,0,True
syn-05121,58.13060,6.91696,0.8814027,0,True
syn-05122,27.78633,33.13999,0.3834782,0,True
syn-05123,27.40088,22.36387,0.8497793,1,True
syn-05124,48.80985,13.42972,0.2087831,0,True
syn-05125,39.27802,13.16356,0.3835921,0,True
syn-05126,64.61964,25.41638,0.2896360,0,True
syn-05127,52.10101,1.93272,0.9185619,1,True
syn-05128,79.97005,27.71102,0.4641741,0,True
syn-05129,32.01388,29.33604,0.0960846,0,True
syn-05130,57.61230,16.67869,0.6077441,0,True
syn-05131,2.62019,10.82344,0.2663487,0,True
syn-05132,38.99225,6.06234,0.7391270,0,True
syn-05133,53.57705,5.75101,0.7377567,1,True
syn-05134,7.51369,26.42389,0.3759616,0,True
syn-05135,47.07274,4.47532,0.7134576,1,True
syn-05136,26.80703,31.99471,0.6096873,0,True
syn-05137,84.67570,5.61212,0.4946929,1,True
syn-05138,70.70388,8.41235,0.2760112,1,True
syn-05139,140.00000,20.18221,0.7791671,1,True
syn-05140,34.60640,23.94053,0.2682014,0,True
syn-05141,3.04507,14.82536,0.8804509,0,True
syn-05142,33.55049,38.46016,0.9245930,0,True
syn-05143,57.38435,2.17991,0.4093161,0,True
syn-05144,24.32251,15.63678,0.7210342,0,True
syn-05145,22.67321,10.02146,0.2049357,0,True
syn-05146,110.96900,6.84329,0.6376948,1,True
syn-05147,26.37990,21.94509,0.2883242,0,True
syn-05148,128.25175,0.00000,0.4877512,1,True
syn-05149,22.47502,19.49152,0.4084125,0,True
syn-05150,64.93866,11.55651,0.2556567,1,True
syn-05151,41.75311,16.44231,0.1634008,0,True
syn-05152,50.72459,16.88382,0.6965570,1,True
syn-05153,13.30105,0.00000,0.6311661,0,True
syn-05154,43.38942,8.94876,0.6070971,1,True
syn-05155,7.20950,15.67716,0.5443614,0,True
syn-05156,15.67256,12.11290,0.4242308,0,True
syn-05157,68.72044,16.29047,0.6646691,0,True
syn-05158,27.09296,4.24307,0.5673891,0,True
syn-05159,82.06942,12.88341,0.6675180,1,True
syn-05160,64.29208,23.03660,0.8089734,1,True
syn-05161,120.05672,4.27605,0.6065160,1,True
syn-05162,28.34671,3.33506,0.7334965,0,True
syn-05163,50.83057,9.31044,0.1554575,0,True
syn-05164,69.09512,8.72091,0.5492716,1,True
syn-05165,19.68153,7.42645,0.7595470,0,True
syn-05166,42.70984,24.43455,0.7687179,1,True
syn-05167,32.23885,8.04548,0.5467711,0,True
syn-05168,95.46015,14.48354,0.1669077,1,True
syn-05169,87.77667,10.21441,0.5545115,0,True
syn-05170,24.79525,19.07887,0.7488623,0,True
syn-05171,69.50638,14.36554,0.4416367,1,True
syn-05172,16.70033,20.78445,0.5917556,0,True
syn-05173,13.65813,18.68648,0.5144656,0,True
syn-05174,34.62198,0.00000,0.8689762,0,True
syn-05175,25.91039,14.91349,0.7114192,0,True
syn-05176,8.20606,18.38396,0.3086421,0,True
syn-05177,31.76863,25.69396,0.1221727,0,True
syn-05178,13.86871,8.66649,0.2732692,0,True
syn-05179,16.63988,6.34977,0.3183491,0,True
syn-05180,130.64062,21.01937,0.6487491,1,True
syn-05181,54.93736,34.56591,0.7390524,0,True
syn-05182,35.51271,15.08874,0.5137239,0,True
syn-05183,19.34189,14.05607,0.2724674,0,True
syn-05184,31.91036,12.36952,0.3727408,0,True
syn-05185,16.35962,5.69236,0.7185837,1,True
syn-05186,17.22313,0.01600,0.4568241,0,True
syn-05187,18.93224,15.46456,0.6731663,0,True
syn-05188,24.47919,21.46933,0.8320881,0,True
syn-05189,46.77856,23.34449,0.2825134,0,True
syn-05190,44.38777,13.18267,0.7984945,0,True
syn-05191,38.02242,15.68687,0.3379703,0,True
syn-05192,23.11196,22.97391,0.5076082,0,True
syn-05193,113.75326,35.13806,0.7635567,1,True
syn-05194,46.22182,21.20718,0.4623921,0,True
syn-05195,25.62280,14.22885,0.4373467,0,True
syn-05196,52.59099,18.53228,0.6220408,0,True
syn-05197,63.74838,28.96994,0.6533377,1,True
syn-05198,16.89817,1.45499,0.5706776,0,True
syn-05199,60.86459,10.41391,0.8025213,1,True
syn-05200,54.85025,18.15277,0.1439473,0,True
syn-05201,4.25235,3.92403,0.4859419,0,True
syn-05202,56.32153,23.04571,0.7952530,1,True
syn-05203,15.43307,4.85440,0.3949608,0,True
syn-05204,15.23855,9.10670,0.7711726,0,True
syn-05205,58.39424,26.54827,0.9184079,0,True
syn-05206,48.01718,0.00000,0.6858757,1,True
syn-05207,8.93575,4.27180,0.7455799,0,True
syn-05208,44.54620,18.42449,0.3178733,0,True
syn-05209,107.64188,8.57098,0.1742173,0,True
syn-05210,4.20067,25.05112,0.8038198,0,True
syn-05211,57.70452,5.83387,0.1781628,0,True
syn-05212,123.94509,8.40879,0.8113108,1,True
syn-05213,18.72444,18.36496,0.8685821,0,True
syn-05214,35.61781,9.62260,0.2694495,0,True
syn-05215,6.57388,27.53298,0.5835094,0,True
syn-05216,10.46937,10.53713,0.7176316,0,True
syn-05217,66.17535,24.21895,0.7320445,0,True
syn-05218,51.89494,17.97858,0.4967117,0,True
syn-05219,26.62368,18.32006,0.7826916,0,True
syn-05220,49.23101,16.24537,0.5048626,1,True
syn-05221,30.65322,22.31327,0.8875861,1,True
syn-05222,24.76171,2.93822,0.5609350,0,True
syn-05223,30.38410,9.19714,0.6337311,0,True
syn-05224,10.55289,22.49240,0.9730644,0,True
syn-05225,31.51212,5.97723,0.3801991,0,True
syn-05226,140.00000,16.17865,0.8618705,1,True
syn-05227,29.07107,16.30165,0.7180264,0,True
syn-05228,77.73473,0.00000,0.3432927,1,True
syn-05229,5.90414,13.21005,0.4642462,0,True
syn-05230,78.17889,5.48515,0.7012069,1,True
syn-05231,14.66236,12.21414,0.4765019,0,True
syn-05232,26.56012,0.56533,0.6530509,0,True
syn-05233,18.54201,13.96882,0.6433960,0,True
syn-05234,52.01538,30.05635,0.4244592,0,True
syn-05235,29.02638,6.40472,0.9020738,1,True
syn-05236,2.57897,5.57027,0.7810582,0,True
syn-05237,14.62653,15.41549,0.8364246,0,True
syn-05238,76.04942,16.16201,0.4707288,1,True
syn-05239,12.79947,8.26246,0.6784580,0,True
syn-05240,11.00469,8.30372,0.5827109,0,True
syn-05241,26.20791,16.82054,0.6017530,0,True
syn-05242,18.24302,18.72808,0.5238543,0,True
syn-05243,19.51166,15.33989,0.8750407,0,True
syn-05244,62.41153,13.06136,0.5118070,1,True
syn-05245,52.37891,0.00000,0.8393127,1,True
syn-05246,61.89935,15.80684,0.8486251,1,True
syn-05247,73.64775,11.13573,0.8712493,1,True
syn-05248,16.38472,0.06446,0.6715524,0,True
syn-05249,39.86008,4.95998,0.4373554,0,True
syn-05250,32.27196,13.11574,0.7788518,0,True
syn-05251,39.95155,5.16043,0.8520494,1,True
syn-05252,135.42798,15.99036,0.3640187,0,True
syn-05253,23.42747,10.31231,0.4884606,0,True
syn-05254,36.98980,10.49118,0.7452337,1,True
syn-05255,49.24815,27.28286,0.4883575,0,True
syn-05256,44.89437,9.75327,0.5566557,0,True
syn-05257,99.23464,0.00000,0.9164355,1,True
syn-05258,38.90437,15.16045,0.4730325,1,True
syn-05259,67.81998,0.00000,0.5037019,0,True
syn-05260,99.96774,15.42500,0.4943283,1,True
syn-05261,64.72636,24.01124,0.7564043,0,True
syn-05262,66.42200,30.41320,0.7165021,0,True
syn-05263,76.08462,24.72976,0.6444414,1,True
syn-05264,99.39870,12.36602,0.5877562,0,True
syn-05265,31.60543,9.06067,0.5126755,0,True
syn-05266,52.76116,9.54735,0.5990650,1,True
syn-05267,16.93429,9.78088,0.3791321,0,True
syn-05268,53.98333,23.59949,0.7517821,0,True
syn-05269,83.17911,23.74993,0.6347386,1,True
syn-05270,25.15997,24.50856,0.5704191,0,True
syn-05271,24.01417,10.95096,0.4603273,1,True
syn-05272,7.14380,20.02737,0.4371192,0,True
syn-05273,19.31744,11.74679,0.6550759,0,True
syn-05274,15.84352,29.55564,0.8772064,0,True
syn-05275,96.96127,31.09916,0.8821911,1,True
syn-05276,100.37454,1.19181,0.3754081,1,True
syn-05277,50.63280,0.00000,0.1324413,0,True
syn-05278,12.32193,17.52110,0.6600933,0,True
syn-05279,27.49289,4.38469,0.6526057,1,True
syn-05280,55.18548,32.38892,0.9734734,0,True
syn-05281,47.67967,14.10517,0.4285354,0,True
syn-05282,53.66653,1.92521,0.7664616,1,True
syn-05283,106.75262,11.01028,0.5293547,1,True
syn-05284,12.41208,20.11986,0.2659786,0,True
syn-05285,12.76210,37.35065,0.2636611,0,True
syn-05286,25.44237,14.02161,0.6100573,0,True
syn-05287,42.65700,7.48042,0.4141440,0,True
syn-05288,7.22859,1.65623,0.9115937,1,True
syn-05289,136.16032,9.22077,0.3103791,1,True
syn-05290,75.97612,29.53645,0.4239296,0,True
syn-05291,55.52869,11.46107,0.8702502,1,True
syn-05292,36.08177,22.69226,0.2783003,0,True
syn-05293,7.64220,3.52459,0.5014989,0,True
syn-05294,53.23799,23.69009,0.8924471,1,True
syn-05295,57.75528,0.00000,0.7569665,1,True
syn-05296,15.63339,13.57585,0.4437868,0,True
syn-05297,17.62244,14.36118,0.6942685,0,True
syn-05298,41.84907,26.19339,0.8482115,0,True
syn-05299,71.98640,11.95901,0.8015032,1,True
syn-05300,47.59959,17.11126,0.4335202,0,True
syn-05301,13.28514,10.24646,0.2647062,1,True
syn-05302,46.36038,4.56364,0.5901089,0,True
syn-05303,8.42030,25.39701,0.5225135,0,True
syn-05304,8.10156,0.00000,0.6099986,0,True
syn-05305,63.79180,17.82620,0.5786149,0,True
syn-05306,29.18328,29.03705,0.4532803,0,True
syn-05307,16.79063,2.13587,0.9025716,1,True
syn-05308,10.99507,16.66443,0.6505548,0,True
syn-05309,76.81506,13.63073,0.3636008,1,True
syn-05310,13.69115,2.31512,0.7859542,1,True
syn-05311,64.56448,9.32473,0.8289167,1,True
syn-05312,36.80311,6.73696,0.6692485,0,True
syn-05313,52.12689,25.92883,0.2315988,0,True
syn-05314,32.07116,3.37392,0.2153368,0,True
syn-05315,55.55056,12.04462,0.9428927,1,True
syn-05316,78.84825,14.88257,0.6609038,1,True
syn-05317,96.72729,10.81333,0.2771769,1,True
syn-05318,21.92955,0.75943,0.8897533,0,True
syn-05319,39.55245,5.57988,0.2773297,0,True
syn-05320,43.53441,9.00403,0.4684483,0,True
syn-05321,47.97383,19.06450,0.6837042,1,True
syn-05322,16.29813,6.09818,0.8400794,1,True
syn-05323,17.82568,0.90986,0.9353980,1,True
syn-05324,106.67771,15.81055,0.6554579,1,True
syn-05325,14.51149,29.07436,0.1996832,0,True
syn-05326,40.58231,0.00000,0.2296344,0,True
syn-05327,54.71445,12.98542,0.2333615,0,True
syn-05328,76.01137,16.53461,0.5311847,0,True
syn-05329,17.32046,7.55430,0.7578397,0,True
syn-05330,26.65921,24.12451,0.4545141,0,True
syn-05331,56.05497,6.82331,0.4401645,1,True
syn-05332,38.16412,6.44062,0.2853094,1,True
syn-05333,6.64471,29.59306,0.8094620,0,True
syn-05334,20.90481,10.84592,0.6141756,0,True
syn-05335,57.77112,0.00000,0.7211438,1,True
syn-05336,17.10931,4.15959,0.8707904,0,True
syn-05337,29.95332,6.52660,0.4101885,0,True
syn-05338,14.78980,7.10294,0.6395448,0,True
syn-05339,22.24577,0.00000,0.5618541,0,True
syn-05340,6.48740,22.00601,0.6668504,0,True
syn-05341,15.31497,21.79542,0.8056393,0,True
syn-05342,5.33521,4.94067,0.2607260,0,True
syn-05343,133.60272,13.38880,0.7969714,1,True
syn-05344,13.91546,18.15331,0.4223543,0,True
syn-05345,7.30900,19.67557,0.3964374,0,True
syn-05346,88.70530,11.53902,0.1979413,1,True
syn-05347,26.43975,24.38844,0.3538167,0,True
syn-05348,54.58858,21.14863,0.8172240,1,True
syn-05349,38.32335,2.02428,0.7572560,1,True
syn-05350,51.55842,3.97161,0.3775380,0,True
syn-05351,14.36621,12.02755,0.6908028,1,True
syn-05352,22.17141,5.57012,0.7041288,0,True
syn-05353,39.97403,11.60051,0.4876114,0,True
syn-05354,27.31718,0.86103,0.1215801,0,True
syn-05355,36.41663,25.83683,0.3305158,0,True
syn-05356,57.18527,11.08077,0.6013165,0,True
syn-05357,20.19908,12.86102,0.7548857,1,True
syn-05358,26.06934,14.55431,0.3124132,0,True
syn-05359,67.86742,14.28742,0.2706828,0,True
syn-05360,30.03300,13.13485,0.5677974,1,True
syn-05361,82.78847,18.34723,0.7748185,1,True
syn-05362,39.70198,16.05136,0.6681995,0,True
syn-05363,54.00253,23.05063,0.3561261,0,True
syn-05364,53.90078,12.28199,0.8653125,1,True
syn-05365,87.27046,13.92059,0.8831343,1,True
syn-05366,42.46271,9.42964,0.3970214,0,True
syn-05367,38.27897,16.40501,0.6776759,1,True
syn-05368,74.17009,6.15921,0.6951877,1,True
syn-05369,27.26894,15.65854,0.6658671,0,True
syn-05370,62.35831,8.85474,0.5667867,0,True
syn-05371,34.50901,9.25418,0.7880910,1,True
syn-05372,19.54235,2.45312,0.6875638,0,True
syn-05373,45.45977,9.10223,0.7212465,1,True
syn-05374,25.36781,14.39057,0.8182346,0,True
syn-05375,31.35999,8.54088,0.2952521,0,True
syn-05376,14.90398,27.12909,0.7795398,0,True
syn-05377,57.97101,6.13878,0.6394383,1,True
syn-05378,31.67281,14.33433,0.5120121,0,True
syn-05379,115.69028,9.01575,0.7424219,1,True
syn-05380,32.16613,10.27433,0.3799443,0,True
syn-05381,43.59830,14.22221,0.5764536,1,True
syn-05382,31.54068,13.24193,0.7762161,1,True
syn-05383,35.63186,32.24941,0.8190559,0,True
syn-05384,22.15377,10.69805,0.8118498,1,True
syn-05385,27.07198,5.86836,0.5856607,0,True
syn-05386,16.05203,23.21593,0.1202095,0,True
syn-05387,63.75317,13.74582,0.6931322,0,True
syn-05388,17.35870,2.44257,0.6819220,0,True
syn-05389,57.95879,7.47639,0.8430665,0,True
syn-05390,38.76008,20.16428,0.5401056,0,True
syn-05391,59.55652,6.23289,0.4449400,0,True
syn-05392,77.47208,20.60261,0.6789893,0,True
syn-05393,97.20359,30.26883,0.1347679,0,True
syn-05394,25.56944,0.56715,0.7954118,1,True
syn-05395,15.71626,20.35168,0.0825807,0,True
syn-05396,49.51160,0.00000,0.2573956,0,True
syn-05397,33.31329,17.06198,0.6338109,1,True
syn-05398,15.87278,20.08955,0.4531126,0,True
syn-05399,62.25644,28.77075,0.8185796,1,True
syn-05400,52.35181,7.01862,0.4972613,1,True
syn-05401,22.68247,17.71473,0.2309683,0,True
syn-05402,100.79698,0.18850,0.7192286,1,True
syn-05403,2.34685,17.73491,0.3852592,0,True
syn-05404,26.36626,14.95455,0.8152533,0,True
syn-05405,90.12688,8.22645,0.3258138,1,True
syn-05406,24.16700,4.42758,0.3195860,1,True
syn-05407,9.13513,14.73158,0.7932642,0,True
syn-05408,99.50900,19.33695,0.6257414,0,True
syn-05409,31.31334,8.60660,0.3221252,0,True
syn-05410,60.19072,12.64262,0.5806624,1,True
syn-05411,57.95000,7.89907,0.1976345,1,True
syn-05412,24.72825,22.37886,0.3101267,0,True
syn-05413,21.95687,15.73929,0.7393563,0,True
syn-05414,43.95716,11.18919,0.3569862,1,True
syn-05415,18.60316,22.52113,0.6116756,1,True
syn-05416,59.26017,11.44627,0.7594771,1,True
syn-05417,55.52258,17.30436,0.8591532,1,True
syn-05418,36.34280,12.57049,0.6545393,0,True
syn-05419,32.18041,2.00322,0.8115669,1,True
syn-05420,64.77396,7.86762,0.5486622,1,True
syn-05421,105.53023,24.91790,0.7437885,1,True
syn-05422,39.47371,0.00000,0.3687685,0,True
syn-05423,29.47286,19.00492,0.4346210,0,True
syn-05424,5.97981,6.63786,0.7313249,0,True
syn-05425,24.39922,33.00292,0.6644652,0,True
syn-05426,63.32022,21.42634,0.3110371,0,True
syn-05427,15.55005,15.22092,0.3385652,0,True
syn-05428,40.40661,23.34699,0.4265705,0,True
syn-05429,88.83916,26.03684,0.5803092,1,True
syn-05430,62.79978,16.79565,0.5203772,0,True
syn-05431,107.67336,15.87996,0.5271441,1,True
syn-05432,7.78006,19.24424,0.6534516,1,True
syn-05433,47.01341,20.81905,0.8625366,1,True
syn-05434,59.39839,6.61944,0.6440049,1,True
syn-05435,10.49235,14.09447,0.6424096,0,True
syn-05436,44.85657,1.06967,0.2338142,0,True
syn-05437,24.85246,13.11977,0.6582682,0,True
syn-05438,22.04847,10.63136,0.5913952,0,True
syn-05439,65.32538,4.49950,0.9519725,1,True
syn-05440,61.84209,5.80286,0.4304300,0,True
syn-05441,13.54525,4.47111,0.3861212,0,True
syn-05442,16.34936,16.63409,0.3429721,0,True
syn-05443,84.86232,18.57332,0.5693042,1,True
syn-05444,29.65908,9.37062,0.8067503,0,True
syn-05445,36.63138,0.00000,0.7709949,1,True
syn-05446,45.43996,2.08170,0.2661004,0,True
syn-05447,25.67950,9.94041,0.7527288,0,True
syn-05448,48.93338,26.12004,0.5082908,1,True
syn-05449,18.35876,31.31798,0.1881983,0,True
syn-05450,36.06330,21.48396,0.6824857,0,True
syn-05451,1.94800,0.76214,0.2883275,0,True
syn-05452,45.13795,0.00000,0.2519719,1,True
syn-05453,24.17561,5.73193,0.7545553,1,True
syn-05454,31.34978,17.92363,0.6835819,1,True
syn-05455,23.58159,11.78780,0.3131053,0,True
syn-05456,20.87261,5.47806,0.8041391,1,True
syn-05457,88.22926,5.65873,0.0533202,0,True
syn-05458,86.62452,10.41416,0.2377240,0,True
syn-05459,13.83289,6.05520,0.2333152,0,True
syn-05460,62.63936,0.00000,0.5717023,0,True
syn-05461,67.08803,19.67751,0.6876207,1,True
syn-05462,55.57501,9.13032,0.5113447,1,True
syn-05463,17.38157,15.30485,0.5594552,0,True
syn-05464,61.60937,18.49509,0.6872867,1,True
syn-05465,20.26086,14.82979,0.3867492,0,True
syn-05466,33.84305,22.49639,0.3235462,0,True
syn-05467,21.00944,24.12870,0.7800389,0,True
syn-05468,28.99616,13.02117,0.8539973,1,True
syn-05469,79.90667,11.63269,0.8934468,1,True
syn-05470,25.76168,10.21457,0.7740786,0,True
syn-05471,28.70757,10.99389,0.4395658,0,True
syn-05472,51.40385,8.93389,0.6673187,0,True
syn-05473,28.39852,8.11658,0.5999628,0,True
syn-05474,34.99438,13.77032,0.5004447,0,True
syn-05475,28.62153,17.70284,0.7339990,0,True
syn-05476,22.37767,18.20489,0.4314840,0,True
syn-05477,26.68769,17.96366,0.7653307,0,True
syn-05478,17.05820,19.00266,0.6854048,1,True
syn-05479,13.50289,16.06657,0.8781535,0,True
syn-05480,9.67436,5.50551,0.6065863,0,True
syn-05481,103.85861,14.37452,0.2417270,1,True
syn-05482,32.63673,19.80394,0.2654559,1,True
syn-05483,56.27032,9.53472,0.4022973,1,True
syn-05484,40.80318,34.07973,0.7355831,0,True
syn-05485,16.77666,35.31984,0.7018429,0,True
syn-05486,26.96833,6.90819,0.5539747,1,True
syn-05487,83.05136,21.16860,0.4185331,1,True
syn-05488,59.81868,8.89649,0.6357786,1,True
syn-05489,31.24052,6.02422,0.5992843,0,True
syn-05490,60.40658,9.12189,0.2723802,1,True
syn-05491,19.46498,29.05347,0.6100492,0,True
syn-05492,50.81065,13.55771,0.5538185,0,True
syn-05493,35.06692,13.88364,0.6872070,0,True
syn-05494,6.56785,12.43968,0.7306583,0,True
syn-05495,125.83993,0.00000,0.9907303,1,True
syn-05496,39.21807,13.19665,0.5855748,0,True
syn-05497,47.06653,16.18443,0.0828090,0,True
syn-05498,27.00934,18.71285,0.3483695,0,True
syn-05499,64.49319,27.18893,0.2057425,0,True
syn-05500,6.54377,28.31778,0.4828921,0,True
syn-05501,48.00104,25.43286,0.6247041,0,True
syn-05502,50.07504,10.89972,0.6966624,1,True
syn-05503,112.19101,16.00931,0.4066300,1,True
syn-05504,47.44006,0.00000,0.4753201,0,True
syn-05505,84.53742,19.46285,0.5102990,0,True
syn-05506,11.79893,9.31665,0.3454950,0,True
syn-05507,16.07844,16.43952,0.4231879,0,True
syn-05508,50.44838,10.44390,0.4268610,1,True
syn-05509,19.63605,2.29548,0.6037167,0,True
syn-05510,56.37854,16.41231,0.5513801,1,True
syn-05511,27.45251,0.00000,0.7701570,0,True
syn-05512,10.66276,15.18947,0.7158138,0,True
syn-05513,49.69381,12.46512,0.6536116,1,True
syn-05514,25.03957,9.88340,0.9072053,1,True
syn-05515,94.96576,2.03856,0.4897165,1,True
syn-05516,11.01865,10.72390,0.7056971,0,True
syn-05517,114.09497,0.00000,0.6944345,1,True
syn-05518,28.05195,0.00000,0.5525448,1,True
syn-05519,73.73466,0.00000,0.8967901,1,True
syn-05520,10.47691,19.66849,0.3961529,0,True
syn-05521,21.78487,2.30352,0.7811620,0,True
syn-05522,19.53153,18.89644,0.9011635,0,True
syn-05523,45.84347,16.82269,0.8161016,1,True
syn-05524,10.72825,9.71334,0.6065368,0,True
syn-05525,41.59487,21.81515,0.7097303,1,True
syn-05526,22.67807,16.16130,0.6614476,0,True
syn-05527,140.00000,14.95993,0.4975099,1,True
syn-05528,22.57557,13.76959,0.3673850,0,True
syn-05529,56.41274,17.78080,0.8310788,0,True
syn-05530,29.55689,8.16207,0.6957163,1,True
syn-05531,45.09661,43.07439,0.1978374,0,True
syn-05532,7.68820,9.89847,0.5330163,0,True
syn-05533,22.64193,20.30311,0.7803648,0,True
syn-05534,43.86690,34.09596,0.5499362,0,True
syn-05535,74.82056,31.48267,0.8387768,1,True
syn-05536,41.46947,22.89366,0.3502477,0,True
syn-05537,37.40091,29.36679,0.5310586,0,True
syn-05538,10.16581,17.48949,0.7435224,1,True
syn-05539,19.10092,18.88162,0.7707292,0,True
syn-05540,76.62937,23.22349,0.5638031,0,True
syn-05541,82.30881,28.61963,0.3546452,1,True
syn-05542,48.64930,31.31361,0.5484619,0,True
syn-05543,6.24218,1.87731,0.9655548,1,True
syn-05544,10.70361,9.00176,0.6257117,0,True
syn-05545,64.15408,14.74950,0.4927456,1,True
syn-05546,58.81020,0.00000,0.4990140,1,True
syn-05547,51.52583,0.00000,0.6270470,1,True
syn-05548,47.06354,1.87719,0.7182607,1,True
syn-05549,20.96024,11.75043,0.5637450,0,True
syn-05550,62.13022,2.43434,0.7418312,1,True
syn-05551,63.74336,22.77336,0.7435845,1,True
syn-05552,23.55231,23.81358,0.4542178,0,True
syn-05553,33.10412,13.70156,0.8130470,0,True
syn-05554,50.02701,8.93698,0.1445170,1,True
syn-05555,14.13903,17.39023,0.3166040,0,True
syn-05556,10.03451,9.52898,0.6860254,0,True
syn-05557,37.38160,0.00000,0.4376279,1,True
syn-05558,52.70129,13.26336,0.0608437,0,True
syn-05559,25.60932,6.38639,0.8087464,0,True
syn-05560,27.76834,3.44298,0.4194992,0,True
syn-05561,14.26088,13.44979,0.7364016,0,True
syn-05562,16.81835,2.89786,0.3980745,0,True
syn-05563,54.69157,20.99038,0.8681401,1,True
syn-05564,46.68142,28.35837,0.7210273,1,True
syn-05565,38.32760,7.03788,0.5487379,0,True
syn-05566,48.92478,0.00000,0.9536437,1,True
syn-05567,14.36688,4.66987,0.6396239,0,True
syn-05568,20.91933,9.79137,0.6687186,0,True
syn-05569,94.50979,0.00000,0.7769477,1,True
syn-05570,66.43715,19.70796,0.2060249,0,True
syn-05571,35.15125,5.06918,0.6571885,0,True
syn-05572,24.85293,0.00000,0.9203199,1,True
syn-05573,54.46016,22.12858,0.8629491,1,True
syn-05574,83.09666,16.70775,0.6260640,0,True
syn-05575,29.22697,9.18577,0.3069308,0,True
syn-05576,43.16185,17.74605,0.5012393,0,True
syn-05577,32.95713,22.66468,0.4137113,0,True
syn-05578,12.29393,18.14733,0.4887152,0,True
syn-05579,77.40163,12.80371,0.3658715,0,True
syn-05580,39.57920,26.84944,0.5838868,1,True
syn-05581,46.80595,14.69883,0.4183753,0,True
syn-05582,75.97557,8.22164,0.9546843,1,True
syn-05583,44.94516,11.43880,0.7775328,0,True
syn-05584,37.90741,26.84884,0.6145747,0,True
syn-05585,21.52033,13.82563,0.5316582,0,True
syn-05586,39.41154,14.26976,0.4900461,0,True
syn-05587,22.90268,12.50946,0.8648444,1,True
syn-05588,55.93122,20.48916,0.3291190,0,True
syn-05589,56.53340,14.26640,0.7168776,0,True
syn-05590,12.67955,14.65263,0.7877020,0,True
syn-05591,18.50280,29.25024,0.3739230,0,True
syn-05592,14.14186,22.18895,0.9282049,1,True
syn-05593,69.70575,17.65503,0.8108305,1,True
syn-05594,92.30547,5.69393,0.9449949,1,True
syn-05595,58.72844,27.23713,0.8203784,1,True
syn-05596,39.55971,17.61283,0.3999980,0,True
syn-05597,78.82230,25.89119,0.9811885,1,True
syn-05598,29.44235,16.92868,0.3356936,0,True
syn-05599,59.05122,11.57233,0.7378679,1,True
syn-05600,11.17951,21.76636,0.8622817,0,True
syn-05601,65.69964,0.00000,0.8276454,1,True
syn-05602,69.68015,21.84780,0.9419532,0,True
syn-05603,11.69084,7.34551,0.5391431,0,True
syn-05604,43.44176,17.24568,0.7379320,0,True
syn-05605,56.14828,26.56801,0.7238359,1,True
syn-05606,42.55019,0.00000,0.3176811,0,True
syn-05607,62.74855,8.17275,0.5932389,0,True
syn-05608,66.29504,14.53139,0.3915937,1,True
syn-05609,48.11137,28.76929,0.8171545,0,True
syn-05610,8.06611,0.00000,0.2526191,0,True
syn-05611,27.48086,16.29463,0.7587897,1,True
syn-05612,52.34877,10.70462,0.8255547,1,True
syn-05613,34.93640,2.60594,0.2199605,1,True
syn-05614,140.00000,19.87712,0.6454108,1,True
syn-05615,57.19373,8.38508,0.7086034,1,True
syn-05616,14.40904,20.95665,0.6967669,0,True
syn-05617,15.69481,25.10930,0.4296899,0,True
syn-05618,59.86462,6.92063,0.4767122,1,True
syn-05619,46.36233,19.13728,0.3252589,0,True
syn-05620,17.50390,23.15478,0.7543931,0,True
syn-05621,16.03753,13.45538,0.4797137,0,True
syn-05622,65.54097,5.97767,0.1085189,0,True
syn-05623,71.47609,8.70918,0.3299259,1,True
syn-05624,86.78156,21.13079,0.2276795,0,True
syn-05625,140.00000,30.88885,0.5051915,1,True
syn-05626,55.62004,31.15335,0.8537814,0,True
syn-05627,76.90951,15.03353,0.5591420,1,True
syn-05628,117.02647,20.33194,0.0939775,1,True
syn-05629,72.15699,14.55620,0.9587743,1,True
syn-05630,13.50447,19.29900,0.6264345,0,True
syn-05631,9.43115,19.14767,0.6095394,0,True
syn-05632,23.28174,15.68879,0.4884511,1,True
syn-05633,28.17339,13.85468,0.7430861,0,True
syn-05634,25.49665,20.59624,0.5974165,1,True
syn-05635,37.07792,19.96101,0.3429249,0,True
syn-05636,16.85193,0.00000,0.6923408,0,True
syn-05637,68.96554,10.87841,0.7173402,1,True
syn-05638,78.41526,0.00000,0.5796266,1,True
syn-05639,7.29744,5.27334,0.9858367,1,True
syn-05640,55.99002,12.36695,0.7743553,1,True
syn-05641,34.07477,14.79675,0.7341143,0,True
syn-05642,67.60531,15.43891,0.4089856,0,True
syn-05643,53.70017,0.00000,0.6128827,0,True
syn-05644,15.49651,7.35362,0.5761527,1,True
syn-05645,79.77708,8.01485,0.4140440,1,True
syn-05646,25.86379,5.35258,0.5005077,0,True
syn-05647,24.68856,24.74326,0.6461808,0,True
syn-05648,19.10798,15.77073,0.7879037,0,True
syn-05649,8.81407,7.70887,0.4484225,0,True
syn-05650,3.82101,20.93147,0.6246074,0,True
syn-05651,6.51823,22.83508,0.7738068,0,True
syn-05652,62.51004,17.34697,0.5754552,0,True
syn-05653,91.37440,0.00000,0.7390497,1,True
syn-05654,54.26754,12.71925,0.9029995,1,True
syn-05655,25.45784,0.00000,0.7078413,0,True
syn-05656,86.48750,11.77227,0.5202981,1,True
syn-05657,85.61437,13.72255,0.5834205,1,True
syn-05658,21.66563,13.28029,0.7087631,0,True
syn-05659,41.04852,16.01260,0.3793789,0,True
syn-05660,41.69371,19.06550,0.8502638,0,True
syn-05661,52.88587,12.44540,0.4285248,0,True
syn-05662,4.44638,1.27976,0.7034761,1,True
syn-05663,41.61286,24.30618,0.6858196,0,True
syn-05664,34.62096,18.58609,0.4213431,0,True
syn-05665,74.43519,20.49178,0.4115656,1,True
syn-05666,30.93716,13.13573,0.2416247,0,True
syn-05667,60.85971,18.76423,0.8185192,1,True
syn-05668,85.21730,13.11189,0.5640952,1,True
syn-05669,95.71707,36.04460,0.7577015,1,True
syn-05670,32.67416,18.58097,0.3264648,0,True
syn-05671,32.74842,0.00000,0.3483645,0,True
syn-05672,28.84567,20.42725,0.6306320,0,True
syn-05673,6.95271,13.12386,0.7364073,0,True
syn-05674,27.99978,8.92710,0.9140282,1,True
syn-05675,25.16890,2.44973,0.5461953,0,True
syn-05676,117.22852,0.00000,0.7733656,1,True
syn-05677,18.35967,18.45569,0.7013265,0,True
syn-05678,79.09072,11.41951,0.6897408,1,True
syn-05679,48.44260,11.06156,0.4427363,1,True
syn-05680,80.96911,6.47700,0.8291265,1,True
syn-05681,40.89640,18.92001,0.7286783,0,True
syn-05682,91.19127,16.32550,0.6211904,1,True
syn-05683,121.12640,29.58418,0.5475668,1,True
syn-05684,17.49389,27.74202,0.7372705,0,True
syn-05685,40.76446,12.65661,0.3003298,0,True
syn-05686,88.91832,13.87781,0.4794196,0,True
syn-05687,69.95564,16.92659,0.6406623,1,True
syn-05688,113.83301,19.67037,0.8097662,1,True
syn-05689,30.34616,15.48574,0.5696425,0,True
syn-05690,31.86414,9.87160,0.4459757,0,True
syn-05691,94.18604,7.55372,0.8752212,1,True
syn-05692,8.04077,9.28912,0.2921766,0,True
syn-05693,77.30683,8.85327,0.7482195,1,True
syn-05694,36.50600,12.23704,0.7849880,0,True
syn-05695,17.68372,21.41035,0.4380766,0,True
syn-05696,35.09483,23.33221,0.9076714,0,True
syn-05697,31.39503,19.26943,0.8984208,0,True
syn-05698,31.21754,5.78050,0.3472610,0,True
syn-05699,12.86439,25.13368,0.4297240,0,True
syn-05700,24.84412,4.49662,0.7790904,0,True
syn-05701,51.15276,19.32850,0.7757716,1,True
syn-05702,4.80798,13.29996,0.8416296,0,True
syn-05703,7.92584,16.00092,0.9860977,0,True
syn-05704,26.88750,6.45168,0.7509149,1,True
syn-05705,32.74332,6.17443,0.0516464,0,True
syn-05706,4.71705,20.44694,0.6745523,0,True
syn-05707,52.56840,12.22629,0.6734868,0,True
syn-05708,30.17950,10.59245,0.6008263,0,True
syn-05709,56.37567,4.84759,0.4028727,0,True
syn-05710,101.21461,6.56222,0.6911687,1,True
syn-05711,19.20678,5.53488,0.2643690,0,True
syn-05712,39.54091,18.00054,0.6103153,0,True
syn-05713,69.70887,0.00000,0.5965356,0,True
syn-05714,49.43954,23.73691,0.8337498,0,True
syn-05715,10.72929,15.60266,0.5618197,0,True
syn-05716,68.09383,6.01677,0.7635220,1,True
syn-05717,77.26873,7.55672,0.4712277,1,True
syn-05718,38.73214,25.66931,0.3033416,0,True
syn-05719,15.63572,23.33334,0.2857921,0,True
syn-05720,72.58899,8.52601,0.4477529,1,True
syn-05721,38.23528,6.41671,0.1230570,1,True
syn-05722,67.96160,10.95197,0.6086400,1,True
syn-05723,106.33817,9.15013,0.2544411,0,True
syn-05724,84.23549,0.00000,0.7796727,0,True
syn-05725,31.04837,13.57116,0.8745285,0,True
syn-05726,14.55579,15.75497,0.8273724,0,True
syn-05727,24.38425,1.59217,0.9143528,0,True
syn-05728,28.07284,10.85056,0.5693352,1,True
syn-05729,82.06320,26.89705,0.8152990,1,True
syn-05730,1.61712,9.30484,0.7814374,0,True
syn-05731,36.99782,4.69659,0.5644864,0,True
syn-05732,51.93560,12.61125,0.7926051,1,True
syn-05733,109.61063,6.31408,0.6717380,1,True
syn-05734,29.92043,0.00000,0.2960752,0,True
syn-05735,51.54206,17.84867,0.0545983,0,True
syn-05736,43.40196,19.68419,0.7687582,0,True
syn-05737,48.63981,6.58502,0.4786830,0,True
syn-05738,13.34877,26.31905,0.3772375,0,True
syn-05739,38.61136,13.38525,0.8087411,1,True
syn-05740,13.77503,0.00000,0.7895746,1,True
syn-05741,77.42888,20.45907,0.6957848,1,True
syn-05742,30.75522,7.15132,0.2896359,0,True
syn-05743,60.27953,1.09365,0.3158812,0,True
syn-05744,6.07341,6.36241,0.9877775,1,True
syn-05745,73.23028,3.64404,0.6358518,1,True
syn-05746,48.13703,18.71898,0.5975317,0,True
syn-05747,59.56910,0.05307,0.8646873,1,True
syn-05748,34.30203,0.00000,0.6397719,0,True
syn-05749,26.58330,0.61180,0.3729941,0,True
syn-05750,5.01766,17.83367,0.7955499,0,True
syn-05751,8.06438,20.66060,0.4311775,0,True
syn-05752,73.76035,2.43550,0.6591358,1,True
syn-05753,105.84354,28.56121,0.4868470,1,True
syn-05754,27.55746,14.73435,0.7276391,0,True
syn-05755,4.40137,22.02232,0.8846228,0,True
syn-05756,37.89155,12.95956,0.9866997,0,True
syn-05757,55.65289,0.00000,0.3930089,1,True
syn-05758,13.17051,13.55288,0.7928525,0,True
syn-05759,96.87680,11.49974,0.6373961,1,True
syn-05760,11.97015,9.83898,0.6521569,0,True
syn-05761,11.79596,14.16320,0.7931941,1,True
syn-05762,30.57636,14.98517,0.5275705,0,True
syn-05763,29.85241,27.89506,0.6217439,0,True
syn-05764,57.68937,22.72331,0.4564019,0,True
syn-05765,64.41998,20.34435,0.6114305,1,True
syn-05766,55.83464,16.31629,0.6488586,0,True
syn-05767,25.93986,22.69725,0.6721233,0,True
syn-05768,8.40552,12.29782,0.2205682,0,True
syn-05769,29.40406,1.44713,0.6563614,1,True
syn-05770,73.75008,25.66954,0.4551168,0,True
syn-05771,40.44862,31.36183,0.7980607,0,True
syn-05772,8.87328,2.53991,0.1757639,0,True
syn-05773,32.57657,0.00000,0.3369630,0,True
syn-05774,52.40126,7.86237,0.6642712,1,True
syn-05775,22.25186,4.35025,0.5238975,0,True
syn-05776,1.64466,5.33010,0.5154690,0,True
syn-05777,10.36325,20.90494,0.8874891,1,True
syn-05778,123.25510,12.77730,0.2460588,1,True
syn-05779,85.20731,5.43968,0.8037316,0,True
syn-05780,14.73070,14.30789,0.4421743,0,True
syn-05781,14.27546,23.40683,0.5813390,0,True
syn-05782,108.12302,15.91001,0.0751387,1,True
syn-05783,62.43092,13.35898,0.7201212,1,True
syn-05784,63.89841,19.86995,0.5511848,1,True
syn-05785,49.88198,10.18148,0.4822063,0,True
syn-05786,86.02756,8.80699,0.8060032,1,True
syn-05787,14.68346,11.56099,0.1252350,1,True
syn-05788,16.04595,7.77713,0.2033641,0,True
syn-05789,42.03425,5.70936,0.7700089,0,True
syn-05790,3.25234,9.13423,0.8634326,0,True
syn-05791,9.23927,17.58346,0.7902201,0,True
syn-05792,15.49144,7.51064,0.8249105,0,True
syn-05793,5.63513,17.91302,0.2587049,0,True
syn-05794,14.71917,19.93263,0.7731299,0,True
syn-05795,26.15466,7.30900,0.4991006,0,True
syn-05796,6.96242,48.16224,0.0699981,0,True
syn-05797,54.77180,0.00000,0.4649907,1,True
syn-05798,102.76048,0.00000,0.6023112,1,True
syn-05799,33.98416,5.14830,0.6821259,0,True
syn-05800,24.62726,4.62335,0.5456668,1,True
syn-05801,42.84784,20.36434,0.6701246,1,True
syn-05802,43.85897,10.71969,0.8848922,0,True
syn-05803,50.55585,22.47624,0.8163646,1,True
syn-05804,48.94025,5.79726,0.5654048,0,True
syn-05805,35.28735,14.11792,0.3870880,0,True
syn-05806,103.29041,11.55481,0.2709451,1,True
syn-05807,94.99800,15.38759,0.8093203,1,True
syn-05808,27.45389,17.72104,0.9305463,0,True
syn-05809,44.10857,5.70051,0.4940764,0,True
syn-05810,57.85538,13.50951,0.8889906,1,True
syn-05811,29.29560,28.57010,0.7043916,0,True
syn-05812,83.68476,11.39602,0.5018272,1,True
syn-05813,55.37120,12.45539,0.2352515,0,True
syn-05814,33.43704,12.49104,0.6004809,0,True
syn-05815,67.56722,15.99215,0.7272528,1,True
syn-05816,86.59216,12.42150,0.1721469,1,True
syn-05817,16.86325,13.75498,0.6371294,0,True
syn-05818,39.64444,2.18911,0.9698969,1,True
syn-05819,46.78572,8.20863,0.4655985,0,True
syn-05820,35.29466,3.73079,0.2116817,1,True
syn-05821,37.94866,21.98365,0.7393699,0,True
syn-05822,72.78934,20.82625,0.5464330,0,True
syn-05823,47.38069,11.30240,0.6197609,1,True
syn-05824,72.49596,0.00000,0.6402004,1,True
syn-05825,44.11821,7.11434,0.4451656,0,True
syn-05826,21.55956,11.89295,0.5426446,0,True
syn-05827,20.85365,2.98312,0.3546096,0,True
syn-05828,30.17025,3.36850,0.5385064,1,True
syn-05829,38.72063,6.93991,0.4932057,0,True
syn-05830,23.73656,0.00000,0.5791413,0,True
syn-05831,59.07175,19.42525,0.3863150,1,True
syn-05832,4.20664,5.57723,0.6868925,0,True
syn-05833,61.83630,18.62342,0.5375406,0,True
syn-05834,13.95072,12.61535,0.4551628,0,True
syn-05835,31.32049,13.26393,0.1371716,0,True
syn-05836,13.69952,31.63265,0.5443242,0,True
syn-05837,66.27222,12.95605,0.6822092,1,True
syn-05838,14.68481,23.67827,0.2477350,0,True
syn-05839,118.92727,1.28557,0.6986517,1,True
syn-05840,60.08056,5.82163,0.4421687,0,True
syn-05841,41.11292,0.00000,0.3477183,0,True
syn-05842,18.19922,16.06259,0.6860271,0,True
syn-05843,23.97820,19.95992,0.8327119,0,True
syn-05844,1.83655,25.96976,0.5123411,0,True
syn-05845,55.90477,3.90047,0.7196428,0,True
syn-05846,91.09914,19.56366,0.0555673,0,True
syn-05847,42.66804,6.25282,0.8790309,1,True
syn-05848,16.56015,5.42165,0.8348496,0,True
syn-05849,7.58183,5.87389,0.4018022,0,True
syn-05850,31.75777,17.52753,0.4126759,1,True
syn-05851,55.36763,19.81712,0.2497998,0,True
syn-05852,97.32668,23.74786,0.2628227,1,True
syn-05853,36.71571,17.91313,0.7919695,0,True
syn-05854,56.07111,5.34031,0.3088567,0,True
syn-05855,85.54258,6.85109,0.2827383,1,True
syn-05856,140.00000,19.13765,0.4224614,1,True
syn-05857,51.65646,11.40713,0.7743950,0,True
syn-05858,23.37688,20.76531,0.7090552,1,True
syn-05859,24.22037,14.25051,0.2271576,0,True
syn-05860,16.74965,0.00000,0.7800912,0,True
syn-05861,10.66105,8.14248,0.4834027,0,True
syn-05862,34.02073,20.38602,0.5928501,0,True
syn-05863,30.56164,5.24603,0.2220735,0,True
syn-05864,15.29315,19.12889,0.8803683,0,True
syn-05865,99.33604,7.00858,0.7814280,1,True
syn-05866,81.64133,1.76830,0.7718838,1,True
syn-05867,43.44009,3.64604,0.6069365,1,True
syn-05868,2.71626,0.00000,0.9155360,0,True
syn-05869,56.76139,10.62061,0.5324610,1,True
syn-05870,61.39761,21.98847,0.2099978,0,True
syn-05871,51.48880,19.15770,0.3844627,1,True
syn-05872,11.07223,17.62396,0.6435750,0,True
syn-05873,112.68878,5.18840,0.4499757,1,True
syn-05874,14.16439,8.33658,0.5619497,0,True
syn-05875,22.53611,13.07565,0.5256934,0,True
syn-05876,23.73141,3.09100,0.3129890,0,True
syn-05877,63.24152,17.31469,0.3661563,0,True
syn-05878,29.03346,17.25512,0.8024523,0,True
syn-05879,38.53594,10.06442,0.8162410,0,True
syn-05880,7.49512,4.41014,0.6477597,0,True
syn-05881,17.76721,27.14233,0.8775731,0,True
syn-05882,6.24702,13.59575,0.3053136,0,True
syn-05883,4.22509,3.78452,0.2610468,0,True
syn-05884,23.51508,18.52457,0.8689590,0,True
syn-05885,51.16066,17.82925,0.7063881,1,True
syn-05886,79.58532,13.29076,0.3266729,1,True
syn-05887,51.54398,21.50673,0.4454809,1,True
syn-05888,43.65037,25.72368,0.6616016,0,True
syn-05889,125.36562,8.60203,0.7283561,1,True
syn-05890,90.32121,0.00000,0.5401037,1,True
syn-05891,50.94419,37.74995,0.6101754,1,True
syn-05892,4.12884,15.14728,0.4976320,0,True
syn-05893,44.49601,9.00134,0.3184997,0,True
syn-05894,11.84512,24.03660,0.8956938,0,True
syn-05895,39.39427,26.72559,0.4878512,0,True
syn-05896,57.28951,9.45843,0.4874412,1,True
syn-05897,31.66147,15.45922,0.6163161,0,True
syn-05898,27.09152,8.37375,0.2159514,0,True
syn-05899,57.21541,14.68136,0.2149725,0,True
syn-05900,22.69210,24.51913,0.3498807,0,True
syn-05901,15.16519,17.76504,0.3458886,0,True
syn-05902,78.15228,0.00000,0.6002365,1,True
syn-05903,61.54179,15.47104,0.4704596,0,True
syn-05904,4.01354,1.32831,0.3875749,0,True
syn-05905,92.54327,7.37761,0.6651714,1,True
syn-05906,70.66721,1.30578,0.7290251,1,True
syn-05907,10.01860,11.35620,0.9246632,1,True
syn-05908,30.97103,0.00000,0.0996989,0,True
syn-05909,90.80857,22.50249,0.1238998,0,True
syn-05910,14.46848,12.41939,0.6112339,0,True
syn-05911,76.00236,2.56685,0.0747896,0,True
syn-05912,12.96273,19.71348,0.5268324,0,True
syn-05913,30.14544,30.77392,0.8188118,0,True
syn-05914,15.75527,13.72595,0.8846380,0,True
syn-05915,34.99586,14.34216,0.4211352,0,True
syn-05916,40.80968,5.27942,0.4656928,0,True
syn-05917,21.11868,4.97563,0.1564398,0,True
syn-05918,7.10206,12.26174,0.4925544,0,True
syn-05919,10.31319,22.71853,0.4759300,0,True
syn-05920,33.65282,0.00000,0.7353992,1,True
syn-05921,38.53512,30.83188,0.9052819,0,True
syn-05922,46.84523,13.90467,0.3635686,0,True
syn-05923,59.15860,11.60060,0.3827439,0,True
syn-05924,24.20513,12.88011,0.2311288,0,True
syn-05925,47.15004,3.06696,0.9642370,1,True
syn-05926,131.47655,15.82604,0.5079258,1,True
syn-05927,72.68053,21.65130,0.6837135,1,True
syn-05928,38.17353,12.75751,0.7482681,1,True
syn-05929,21.51794,0.00000,0.5819381,0,True
syn-05930,38.49547,24.86772,0.7010489,1,True
syn-05931,38.54233,10.13121,0.5030566,1,True
syn-05932,37.57522,34.40750,0.7951440,0,True
syn-05933,9.02686,6.00708,0.6610833,0,True
syn-05934,102.43357,1.73846,0.5994901,1,True
syn-05935,4.65042,25.33986,0.6643833,1,True
syn-05936,41.38636,14.75030,0.5323979,1,True
syn-05937,17.02208,26.10833,0.7251913,1,True
syn-05938,20.23952,14.72927,0.6094897,1,True
syn-05939,34.19873,16.44477,0.5555365,1,True
syn-05940,12.93273,19.63096,0.4966787,0,True
syn-05941,22.30691,1.86497,0.4874551,1,True
syn-05942,15.33766,0.00000,0.7507682,1,True
syn-05943,55.36214,6.21743,0.3279635,1,True
syn-05944,30.55285,16.62754,0.8174362,0,True
syn-05945,34.08510,8.90005,0.9333205,1,True
syn-05946,66.94682,17.62082,0.8139043,1,True
syn-05947,30.93717,14.27298,0.4542955,0,True
syn-05948,21.87591,6.93567,0.6849796,1,True
syn-05949,15.98465,7.94031,0.5314478,1,True
syn-05950,39.02408,3.72058,0.7383087,1,True
syn-05951,23.99744,18.30339,0.4599890,0,True
syn-05952,48.03269,8.19552,0.5696207,1,True
syn-05953,57.61085,13.86541,0.8942415,1,True
syn-05954,35.04127,12.94693,0.7226306,0,True
syn-05955,18.85147,10.97949,0.2362483,0,True
syn-05956,98.44514,0.00000,0.7921077,1,True
syn-05957,35.15758,3.15214,0.3613061,0,True
syn-05958,73.45585,28.07481,0.9410613,1,True
syn-05959,22.13227,22.74732,0.6640624,0,True
syn-05960,33.71430,23.43543,0.7847060,1,True
syn-05961,12.48059,27.20604,0.4987506,0,True
syn-05962,37.13133,0.00000,0.3968642,0,True
syn-05963,37.94313,2.28079,0.6525053,1,True
syn-05964,26.52141,14.18015,0.3425494,0,True
syn-05965,7.87324,13.99208,0.3180767,0,True
syn-05966,6.97439,2.48915,0.5034415,1,True
syn-05967,4.48000,12.11329,0.3094505,0,True
syn-05968,8.18004,23.06649,0.2705941,0,True
syn-05969,60.92537,21.65097,0.6768369,0,True
syn-05970,110.26358,22.14462,0.4801598,1,True
syn-05971,16.78496,13.66395,0.7146377,0,True
syn-05972,17.77133,15.95158,0.5168462,0,True
syn-05973,23.92674,1.78681,0.6949660,0,True
syn-05974,30.50528,17.70187,0.1883244,0,True
syn-05975,22.27650,1.34809,0.6566274,0,True
syn-05976,15.74318,23.15665,0.7125846,0,True
syn-05977,40.18689,5.73751,0.7073119,0,True
syn-05978,43.10838,10.09416,0.5308035,0,True
syn-05979,4.54138,12.47540,0.5306194,0,True
syn-05980,18.11123,1.84078,0.3803340,0,True
syn-05981,5.37059,0.00000,0.8334616,0,True
syn-05982,42.36937,33.62082,0.3030320,0,True
syn-05983,98.10995,0.00000,0.8106155,1,True
syn-05984,28.91756,18.22512,0.5472094,0,True
syn-05985,17.29471,6.58193,0.4307899,0,True
syn-05986,40.41012,17.17365,0.2745509,0,True
syn-05987,44.39390,2.30783,0.3259580,0,True
syn-05988,17.23596,4.35062,0.6558084,0,True
syn-05989,2.92260,6.27872,0.5819892,0,True
syn-05990,101.54897,12.39262,0.7407869,1,True
syn-05991,27.54070,8.57167,0.6850288,0,True
syn-05992,17.68345,20.58880,0.3878250,0,True
syn-05993,22.56177,21.12189,0.4190085,0,True
syn-05994,46.12639,10.56099,0.7637534,1,True
syn-05995,37.91261,9.59418,0.4555366,1,True
syn-05996,58.61887,12.50579,0.4920593,1,True
syn-05997,47.06372,0.00000,0.7329115,0,True
syn-05998,35.44247,7.09851,0.4603977,0,True
syn-05999,60.77359,14.79281,0.7714121,1,True
